Name,Age,Occupation,Hometown,Height,ElimWeek,Season,hair_wavy,hometown_name,height_inches,num_tattoos,hair_color,hair_length,date_fear,occupation,likes__001,likes__002,likes__003,likes__004,likes__005,likes__006,free_text,eliminated,photo_url,hometown_state,ethnicity,goneweek,featured,featured_num,intro_order,hometown_pop_2010,hometown_pop_2013
Agnese Polliza,24,Student,"Venice, Italy",NA,5,9,NA,NA,NA,NA,NA,NA,NA,NA,NA,NA,NA,NA,NA,NA,NA,NA,NA,NA,NA,NA,NA,NA,NA,NA,NA
Alexa,27,Special Ed. Teacher,"Beverly Hills, California",NA,2,1,NA,NA,NA,NA,NA,NA,NA,NA,NA,NA,NA,NA,NA,NA,NA,NA,NA,NA,NA,NA,NA,NA,NA,NA,NA
Alexa (Lex) McAllister,25,Entrepreneur,"Galloway, Ohio",NA,1,14,NA,NA,NA,NA,NA,NA,NA,NA,NA,NA,NA,NA,NA,NA,NA,NA,NA,NA,NA,NA,NA,NA,NA,NA,NA
Alexis,23,Aspiring Dolphin Trainer,"Secaucus, NJ",66,5,21,NA,NA,NA,NA,NA,NA,NA,NA,NA,NA,NA,NA,NA,NA,NA,NA,NA,NA,NA,NA,NA,NA,NA,NA,NA
Alexis Morgado,24,Communications Director/NHL Ice Girl,"Tampa, Florida",NA,1,18,NA,NA,NA,NA,NA,NA,NA,NA,NA,NA,NA,NA,NA,NA,NA,NA,NA,NA,NA,NA,NA,NA,NA,NA,NA
Alexis Young,26,Attorney,"Southlake, TX",NA,2,10,NA,NA,NA,NA,NA,NA,NA,NA,NA,NA,NA,NA,NA,NA,NA,NA,NA,NA,NA,NA,NA,NA,NA,NA,NA
Ali Fedotowsky,25,Advertising Account Manager,"Williamstown, Massachusetts",NA,6,14,NA,NA,NA,NA,NA,NA,NA,NA,NA,NA,NA,NA,NA,NA,NA,NA,NA,NA,NA,NA,NA,NA,NA,NA,NA
Alissa Giambrone,24,Flight Attendant,"Hamilton, New Jersey",NA,2,19,straight,Hamilton,64,0,dark,chest, Running into recent exes,Flight Attendant,Family,friends,laughter,hope,faith,," If I never had to upset others, I would be very happy.  If I never got to play with puppies, I would be very sad.  If you could be any animal, what would you be? A wild mustang. Free to run and explore, they're unpredictable and beautiful, and are loyal to their herd.  If you won the lottery, what would you do with your winnings? Adopt dogs and charter a jet for my friends anf fmaily to fly around Europe, with unlimited champagne and a hot air balloon ride over Greece.  What's your most embarrassing moment? I was in-depth stalking a guy's Facebook page and sent my friend a long, detailed text about my findings...except I sent it to him. Oops.  What is your greatest achievement to date? Getting my yoga certification because I've been able to inspire others to do yoga and become instructors!  ",TRUE,http://static.east.abc.go.com/service/image/ratio/id/90fe9103-e788-418d-9eb1-4204b7ba1b96/dim/690.1x1.jpg?cb=51351345661, NJ,caucasian,2,TRUE,6,21,88464,88919
Alli Restko,26,Nanny,"Orland Park, Illinois",NA,5,18,NA,NA,NA,NA,NA,NA,NA,NA,NA,NA,NA,NA,NA,NA,NA,NA,NA,NA,NA,NA,NA,NA,NA,NA,NA
Alli Travis,24,Apparel merchant,"Columbus, Ohio",NA,6,15,NA,NA,NA,NA,NA,NA,NA,NA,NA,NA,NA,NA,NA,NA,NA,NA,NA,NA,NA,NA,NA,NA,NA,NA,NA
Alyssa,24,Biology student,"Boise, Idaho",NA,1,12,NA,NA,NA,NA,NA,NA,NA,NA,NA,NA,NA,NA,NA,NA,NA,NA,NA,NA,NA,NA,NA,NA,NA,NA,NA
"Amanda ""Mandi"" Kremer",28,Dentist,"Portland, Oregon",NA,2,20,NA,NA,NA,NA,NA,NA,NA,NA,NA,NA,NA,NA,NA,NA,NA,NA,NA,NA,NA,NA,NA,NA,NA,NA,NA
Amanda Goerlitz,24,Ballet Teacher,"Lake in the Hills, Illinois",NA,1,19,straight-medium,Lake in the Hills,64,2,light,chest, Not having chemistry with someone,Ballet Teacher,Family,a good book,,,,," If I never had to clean, I would be very happy.  If I never got to shop, I would be very sad.  What's the most romantic present you have ever received? A guy once wrote me a beautiful letter expressing his feelings for me. I still have it. He was a creep, but a great writer.  If you could be a fictional character, who would you be? Allie from The Notebook. Noah loves her so much, and to find that and have it last a lifetime is a rare thing.  If you won the lottery, what would you do with your winnings? I would first pay off my student loans, and then buy a house while the market is still good. The rest would go into savings.  Where do you see yourself in five years? I'd love to be married, and hopefully running my own ballet studio.",TRUE,http://static.east.abc.go.com/service/image/ratio/id/5336c8d9-7f0f-4322-a708-e8e4974b26ec/dim/690.1x1.jpg, IL,caucasian,1,TRUE,3,11,28996,28939
Amanda Hackney,26,Financial analyst,"Dallas, TX",NA,3,10,NA,NA,NA,NA,NA,NA,NA,NA,NA,NA,NA,NA,NA,NA,NA,NA,NA,NA,NA,NA,NA,NA,NA,NA,NA
Amanda Marsh,23,Event Planner,"Chanute, Kansas",NA,NA,1,NA,NA,NA,NA,NA,NA,NA,NA,NA,NA,NA,NA,NA,NA,NA,NA,NA,NA,NA,NA,NA,NA,NA,NA,NA
Amanda Meyer,26,Fit Model,"Bakersfield, California",NA,4,17,NA,NA,NA,NA,NA,NA,NA,NA,NA,NA,NA,NA,NA,NA,NA,NA,NA,NA,NA,NA,NA,NA,NA,NA,NA
Amanda Petterman,26,Law student,"LaFollette, Tennessee",NA,1,12,NA,NA,NA,NA,NA,NA,NA,NA,NA,NA,NA,NA,NA,NA,NA,NA,NA,NA,NA,NA,NA,NA,NA,NA,NA
Amanda Rantuccio,27,Account Executive,"Niceville, Florida",NA,7,12,NA,NA,NA,NA,NA,NA,NA,NA,NA,NA,NA,NA,NA,NA,NA,NA,NA,NA,NA,NA,NA,NA,NA,NA,NA
Amanda Stanton,25,Esthetician,"Rancho Santa Margarita, California",NA,8,20,NA,NA,NA,NA,NA,NA,NA,NA,NA,NA,NA,NA,NA,NA,NA,NA,NA,NA,NA,NA,NA,NA,NA,NA,NA
Amber,29,Business Development Director,"Los Angeles, California",NA,1,1,NA,NA,NA,NA,NA,NA,NA,NA,NA,NA,NA,NA,NA,NA,NA,NA,NA,NA,NA,NA,NA,NA,NA,NA,NA
Amber,26,Psychologist,"Chapel Hill, North Carolina",NA,1,2,NA,NA,NA,NA,NA,NA,NA,NA,NA,NA,NA,NA,NA,NA,NA,NA,NA,NA,NA,NA,NA,NA,NA,NA,NA
Amber Alchalabi,23,Teacher,"Sugar Land, Texas",NA,6,10,NA,NA,NA,NA,NA,NA,NA,NA,NA,NA,NA,NA,NA,NA,NA,NA,NA,NA,NA,NA,NA,NA,NA,NA,NA
Amber Bacon,23,Labor and delivery nurse,"Port Coquitlam, British Columbia",NA,1,16,NA,NA,NA,NA,NA,NA,NA,NA,NA,NA,NA,NA,NA,NA,NA,NA,NA,NA,NA,NA,NA,NA,NA,NA,NA
Amber James,29,Bartender,"Kankakee, Illinois",NA,3,19,straight,Chicago,63,0,dark,shoulder, Loving someone and them not feeling the same way,Bartender,Teddy bear,Mom,best friends,brother,,," If I never had to pay bills, I would be very happy.  If I never got to see my friends/family, I would be very sad.  If you could be someone else for just one day, who would it be? A zookeeper. I would love to be around the different animals and watch how they live.  If you won the lottery, what would you do with your winnings? Travel -- there is so much to see in this world. Also so many families in different countries that can use help.  Top 3 all-time favorite movies? The Lion King, Reservoir Dogs, and A Bronx Tale. What does being married mean to you? Committing to be with each other no matter how tough it can be. Having a life-long friendship and being there for one another.",TRUE,http://static.east.abc.go.com/service/image/ratio/id/3305424c-b54e-4d12-8f3e-2d14d37c553f/dim/690.1x1.jpg, IL,african-american,3,NA,NA,9,2698000,2719000
Amber James,30,Bartender,"Kankakee, Illinois",NA,4,20,straight,Chicago,63,0,dark,shoulder, Loving someone and them not feeling the same way,Bartender,Teddy bear,Mom,best friends,brother,,," If I never had to pay bills, I would be very happy.  If I never got to see my friends/family, I would be very sad.  If you could be someone else for just one day, who would it be? A zookeeper. I would love to be around the different animals and watch how they live.  If you won the lottery, what would you do with your winnings? Travel -- there is so much to see in this world. Also so many families in different countries that can use help.  Top 3 all-time favorite movies? The Lion King, Reservoir Dogs, and A Bronx Tale. What does being married mean to you? Committing to be with each other no matter how tough it can be. Having a life-long friendship and being there for one another.",TRUE,http://static.east.abc.go.com/service/image/ratio/id/3305424c-b54e-4d12-8f3e-2d14d37c553f/dim/690.1x1.jpg, IL,african-american,3,NA,NA,9,2698000,2719000
Amber LaRoux,27,Consultant,"Sunriver, Oregon",NA,2,5,NA,NA,NA,NA,NA,NA,NA,NA,NA,NA,NA,NA,NA,NA,NA,NA,NA,NA,NA,NA,NA,NA,NA,NA,NA
Amber Tierney,28,Critical care nurse,"Waverly, Nebraska",NA,1,16,NA,NA,NA,NA,NA,NA,NA,NA,NA,NA,NA,NA,NA,NA,NA,NA,NA,NA,NA,NA,NA,NA,NA,NA,NA
Amy,28,Production Coordinator,"New York, New York",NA,2,1,NA,NA,NA,NA,NA,NA,NA,NA,NA,NA,NA,NA,NA,NA,NA,NA,NA,NA,NA,NA,NA,NA,NA,NA,NA
Amy,22,Nanny,"Stockton, California",NA,3,12,NA,NA,NA,NA,NA,NA,NA,NA,NA,NA,NA,NA,NA,NA,NA,NA,NA,NA,NA,NA,NA,NA,NA,NA,NA
Amy Jokinen,31,Massage Therapist,"Apopka, Florida",NA,1,18,NA,NA,NA,NA,NA,NA,NA,NA,NA,NA,NA,NA,NA,NA,NA,NA,NA,NA,NA,NA,NA,NA,NA,NA,NA
Amy Long,27,Local News Reporter,"Clermont, Florida",NA,2,18,NA,NA,NA,NA,NA,NA,NA,NA,NA,NA,NA,NA,NA,NA,NA,NA,NA,NA,NA,NA,NA,NA,NA,NA,NA
Andi Dorfman,26,Assistant District Attorney,"Buckhead, Georgia",NA,9,18,NA,NA,NA,NA,NA,NA,NA,NA,NA,NA,NA,NA,NA,NA,NA,NA,NA,NA,NA,NA,NA,NA,NA,NA,NA
Andrea Shirley,28,Hotel concierge,"Cincinnati, OH",NA,1,9,NA,NA,NA,NA,NA,NA,NA,NA,NA,NA,NA,NA,NA,NA,NA,NA,NA,NA,NA,NA,NA,NA,NA,NA,NA
Angela,25,Hooters Waitress,"Avondale, Arizona",NA,2,1,NA,NA,NA,NA,NA,NA,NA,NA,NA,NA,NA,NA,NA,NA,NA,NA,NA,NA,NA,NA,NA,NA,NA,NA,NA
Angela,27,Registered Nurse,"Kansas City, Missouri",NA,5,2,NA,NA,NA,NA,NA,NA,NA,NA,NA,NA,NA,NA,NA,NA,NA,NA,NA,NA,NA,NA,NA,NA,NA,NA,NA
Angela,26,Model,"Greenville, SC",67,1,21,NA,NA,NA,NA,NA,NA,NA,NA,NA,NA,NA,NA,NA,NA,NA,NA,NA,NA,NA,NA,NA,NA,NA,NA,NA
Angelique,27,Actress,"Burbank, California",NA,2,1,NA,NA,NA,NA,NA,NA,NA,NA,NA,NA,NA,NA,NA,NA,NA,NA,NA,NA,NA,NA,NA,NA,NA,NA,NA
Anindita,27,Attorney,"New York, New York",NA,2,2,NA,NA,NA,NA,NA,NA,NA,NA,NA,NA,NA,NA,NA,NA,NA,NA,NA,NA,NA,NA,NA,NA,NA,NA,NA
Ann Lueders,24,Flight Attendant,"Phoenix, Arizona",NA,1,13,NA,NA,NA,NA,NA,NA,NA,NA,NA,NA,NA,NA,NA,NA,NA,NA,NA,NA,NA,NA,NA,NA,NA,NA,NA
Anna Snowball,25,Student,"Detroit, Michigan",NA,1,16,NA,NA,NA,NA,NA,NA,NA,NA,NA,NA,NA,NA,NA,NA,NA,NA,NA,NA,NA,NA,NA,NA,NA,NA,NA
Anne-Catherine Labbé,27,Model/make-up artist,"Quebec City, Quebec",NA,2,5,NA,NA,NA,NA,NA,NA,NA,NA,NA,NA,NA,NA,NA,NA,NA,NA,NA,NA,NA,NA,NA,NA,NA,NA,NA
April Jacobs,23,Model,"Chicago, IL",NA,1,9,NA,NA,NA,NA,NA,NA,NA,NA,NA,NA,NA,NA,NA,NA,NA,NA,NA,NA,NA,NA,NA,NA,NA,NA,NA
AshLee Frazier,32,Personal Organizer,"Houston, Texas",NA,9,17,NA,NA,NA,NA,NA,NA,NA,NA,NA,NA,NA,NA,NA,NA,NA,NA,NA,NA,NA,NA,NA,NA,NA,NA,NA
Ashlee Williss,22,Singer-songwriter,"Jacksonville Beach, Florida",NA,4,12,NA,NA,NA,NA,NA,NA,NA,NA,NA,NA,NA,NA,NA,NA,NA,NA,NA,NA,NA,NA,NA,NA,NA,NA,NA
Ashleigh Hunt,25,Account Manager,"North Potomac, Maryland",NA,4,14,NA,NA,NA,NA,NA,NA,NA,NA,NA,NA,NA,NA,NA,NA,NA,NA,NA,NA,NA,NA,NA,NA,NA,NA,NA
Ashley Elmore,29,Teacher,"Pittsburgh, Pennsylvania",NA,2,14,NA,NA,NA,NA,NA,NA,NA,NA,NA,NA,NA,NA,NA,NA,NA,NA,NA,NA,NA,NA,NA,NA,NA,NA,NA
Ashley Harper,25,Fashion Model,"Garner, North Carolina",NA,1,17,NA,NA,NA,NA,NA,NA,NA,NA,NA,NA,NA,NA,NA,NA,NA,NA,NA,NA,NA,NA,NA,NA,NA,NA,NA
Ashley Hebert,26,Dental Student,"Madawaska, Maine",NA,9,15,NA,NA,NA,NA,NA,NA,NA,NA,NA,NA,NA,NA,NA,NA,NA,NA,NA,NA,NA,NA,NA,NA,NA,NA,NA
Ashley Iaconetti,26,Nanny/Freelance Journalist,"Great Falls, Virginia",NA,6,19,straight-medium,Wayne,66,0,dark,chest," Awkward silence, which is different from silence",Freelance Journalist,Sister and parents,best friend,foundation and mascara,,,," If I never had to wake up before 10am, I would be very happy.  If I never got to cook/eat, I would be very sad.  If you won the lottery, what would you do with your winnings? Buy a room on a cruise ship that I could use any time. A place in Southern California on the beach, a penthouse in New York. Buy Sephora's inventory. Most of all, give a TON to my parents for payback.  If you really wanted to impress a man, what would you do? Make him amazing cheeseburgers and watch football with him because that would be fun for me and him. Plus, my football knowledge is impressive.  Describe the worst first date you've ever been on. I decided to try out being a cougar, but he was sooo immature and had me pay for everything. He was too intmidated to hold a conversation.  What does being married mean to you? Having a best friend to do everything with for life. A constant support and source of comfort, happiness and love.",TRUE,http://static.east.abc.go.com/service/image/ratio/id/625b0598-655d-403f-b56b-014a8896dc28/dim/690.1x1.jpg, NJ,caucasian,NA,NA,NA,5,54717,55040
Ashley Palenkas,28,Hair Stylist,"Macomb, Michigan",NA,1,17,NA,NA,NA,NA,NA,NA,NA,NA,NA,NA,NA,NA,NA,NA,NA,NA,NA,NA,NA,NA,NA,NA,NA,NA,NA
Ashley Poe,25,Grade School Teacher,"Roanoke, Texas",NA,1,18,NA,NA,NA,NA,NA,NA,NA,NA,NA,NA,NA,NA,NA,NA,NA,NA,NA,NA,NA,NA,NA,NA,NA,NA,NA
Ashley Salter,24,Hair Stylist,"Vinings, Georgia",NA,4,19,medium,Brooklyn,67,0,light,chest,,,,,,,,,,TRUE,,NY,caucasian,4,NA,NA,14,8190000,8406000
Ashley Spivey,26,Nanny,"Ellerbe, North Carolina",NA,5,15,NA,NA,NA,NA,NA,NA,NA,NA,NA,NA,NA,NA,NA,NA,NA,NA,NA,NA,NA,NA,NA,NA,NA,NA,NA
Astrid,26,Plastic Surgery Office Manager,"Tampa, FL",67.5,4,21,NA,NA,NA,NA,NA,NA,NA,NA,NA,NA,NA,NA,NA,NA,NA,NA,NA,NA,NA,NA,NA,NA,NA,NA,NA
Becca Tilley,26,Chiropractic Assistant,"Shreveport, Louisiana",NA,7,20,straight-medium,San Diego,65,2,medium,chest," Having stomach issues and clogging up a toilet, a la Dumb and Dumber",Chiropractic Assistant,Food,family,friends,Wi-Fi,Netflix,," If I never had to go back to school, I would be very happy.  If I never got to see my family, I would be very sad.  If you could be any animal, what would you be? A dolphin. They're beautiful and supposedly use 20% of their brains -- brilliant!  If you won the lottery, what would you do with your winnings? I would give a large portion to my family, and then travel!  What's your most embarrassing moment? I have several -- once I was getting gas and the guy asked, ""What kind of gas do you like?"" and I thought he asked ""What kind of guys do you like?"" I responded, ""Tall, dark, and handsome."" He just stared at me and repeated the question.  What is your greatest achievement to date? Staying and living alone in California when my sister and brother-in-law went back home to Louisiana.",FALSE,http://static.east.abc.go.com/service/image/ratio/id/fa63be5f-816c-40d9-8e04-d2755b34573f/dim/690.1x1.jpg, CA,caucasian,NA,NA,NA,19,1306000,1356000
Becca Tilley,25,Chiropractic Assistant,"Shreveport, Louisiana",NA,10,19,straight-medium,San Diego,65,2,medium,chest," Having stomach issues and clogging up a toilet, a la Dumb and Dumber",Chiropractic Assistant,Food,family,friends,Wi-Fi,Netflix,," If I never had to go back to school, I would be very happy.  If I never got to see my family, I would be very sad.  If you could be any animal, what would you be? A dolphin. They're beautiful and supposedly use 20% of their brains -- brilliant!  If you won the lottery, what would you do with your winnings? I would give a large portion to my family, and then travel!  What's your most embarrassing moment? I have several -- once I was getting gas and the guy asked, ""What kind of gas do you like?"" and I thought he asked ""What kind of guys do you like?"" I responded, ""Tall, dark, and handsome."" He just stared at me and repeated the question.  What is your greatest achievement to date? Staying and living alone in California when my sister and brother-in-law went back home to Louisiana.",FALSE,http://static.east.abc.go.com/service/image/ratio/id/fa63be5f-816c-40d9-8e04-d2755b34573f/dim/690.1x1.jpg, CA,caucasian,NA,NA,NA,19,1306000,1356000
Bettina Bell,27,Realtor,"Washington, D.C.",NA,7,11,NA,NA,NA,NA,NA,NA,NA,NA,NA,NA,NA,NA,NA,NA,NA,NA,NA,NA,NA,NA,NA,NA,NA,NA,NA
Bevin Nicole Powers,28,Assistant,"Palo Alto, California",NA,8,10,NA,NA,NA,NA,NA,NA,NA,NA,NA,NA,NA,NA,NA,NA,NA,NA,NA,NA,NA,NA,NA,NA,NA,NA,NA
Blakeley Jones,33,VIP cocktail waitress,"Rutherfordton, North Carolina",NA,6,16,NA,NA,NA,NA,NA,NA,NA,NA,NA,NA,NA,NA,NA,NA,NA,NA,NA,NA,NA,NA,NA,NA,NA,NA,NA
Blakeney Rowe,29,Radio sales,"Birmingham, AL",NA,1,10,NA,NA,NA,NA,NA,NA,NA,NA,NA,NA,NA,NA,NA,NA,NA,NA,NA,NA,NA,NA,NA,NA,NA,NA,NA
Bo Stanley,25,Plus-Size Model,"Carpinteria, California",NA,1,19,medium,Carpinteria,69,2,light,chest, No fears. I love being open to new experiences.,Plus-Size Model,Food,exercise,water (i.e.,the ocean),family,friends," If I never had to sky dive, I would be very happy.  If I never got to have kids, I would be very sad.  What is your greatest achievement to date? Being in the top 12 on the Women's World Qualifying for surfing.  If you could have lunch with three people, living or dead, who would it be? Beyonce, Rihanna, and Mother Theresa. A feast so we could all get down. Food is bonding, and every woman loves food!  If you could be any animal, what would you be? A dolphin, because then I would be in the ocean all day! A dolphin in Hawaii.  If you wanted to approach a man you'd never met before, how would you go about it? Just walk up and start talking to him like a human being...just get to know him, no creepy pick-up lines.",TRUE,http://static.east.abc.go.com/service/image/ratio/id/fdc96c7a-d322-487e-8f2f-ac847c3c960c/dim/690.1x1.jpg, CA,caucasian,1,NA,NA,27,13059,13532
Breanne Rice,30,Nutritional Therapist,"Seattle, Washington",NA,1,20,NA,NA,NA,NA,NA,NA,NA,NA,NA,NA,NA,NA,NA,NA,NA,NA,NA,NA,NA,NA,NA,NA,NA,NA,NA
Briana,28,Surgical Unit Nurse,"Salt Lake City, UT",64,1,21,NA,NA,NA,NA,NA,NA,NA,NA,NA,NA,NA,NA,NA,NA,NA,NA,NA,NA,NA,NA,NA,NA,NA,NA,NA
Britnee,25,Paralegal,"Holland, Pennsylvania",NA,1,15,NA,NA,NA,NA,NA,NA,NA,NA,NA,NA,NA,NA,NA,NA,NA,NA,NA,NA,NA,NA,NA,NA,NA,NA,NA
Britt (Bowe) Newton,28,Beer chemist,"Columbus, OH",NA,1,9,NA,NA,NA,NA,NA,NA,NA,NA,NA,NA,NA,NA,NA,NA,NA,NA,NA,NA,NA,NA,NA,NA,NA,NA,NA
Britt Billmaier,25,Food writer,"Woodinville, Washington",NA,7,15,NA,NA,NA,NA,NA,NA,NA,NA,NA,NA,NA,NA,NA,NA,NA,NA,NA,NA,NA,NA,NA,NA,NA,NA,NA
Britt Nilsson,27,Waitress,"Wolcott Mills, Michigan",NA,7,19,straight,Hollywood,65,0,mixed,stomach, Being into someone who isn't into me,Waitress,Bible,journal,makeup,snacks,cell phone,," If I never had to worry, I would be very happy.  If I never got to step out of my comfort zone, I would be very sad.  If you won the lottery, what would you do with your winnings? Pay off my college loans. Buy my parents whatever they need most, plus a vacation! Save half of the difference and give the other half to charity.  Who is your favorite author? David Foster Wallace or Dave Eggers. Both men have (or had) such a grasp of the human experience and the English language. Great wordsmiths, highly eccentric.  Who do you admire most in the world? People who face danger to promote or defend the things they believe in. That's really living what you talk about.  What is your greatest achievement to date? The children I sponsor are my most proud achievement. I am happy to put my money toward giving them a better life.",TRUE,http://static.east.abc.go.com/service/image/ratio/id/e44ce80a-1d49-4d54-bc52-bc2b458ea0a2/dim/690.1x1.jpg, CA,asian,7,TRUE,1,1,3796000,3884000
Brittany,26,Travel Nurse,"Santa Monica, CA",62,3,21,NA,NA,NA,NA,NA,NA,NA,NA,NA,NA,NA,NA,NA,NA,NA,NA,NA,NA,NA,NA,NA,NA,NA,NA,NA
Brittany Fetkin,26,WWE Diva-in-Training,"Temecula, California",NA,1,19,medium,Orlando,64,2,dark,stomach, Gas or violent diarrhea,WWE Diva-in-Training,Family,laughter,the ocean,chocolate,reading material,," If I never had to say goodbye, I would be very happy.  If I never got to see the sunset, I would be very sad.  What is your greatest achievement to date? Becoming a WWE Diva and learning to wrestle! So crazy but amazing at the same time.  If you could be a fictional character, who would you be? Belle from Beauty and the Beast. I loved her as a child and now as an adult I admire her ability to see beauty from the inside first.  Describe your idea of the ultimate date. The ultimate date is when you're absolutely in love with a person -- it doesn't even matter where you go or if you stay home on the couch. I've been on amazing dates, but if I felt nothing, none of it mattered.  What's your most embarrassing moment? Peeing while still being attached to a microphone, or my shorts coming off in my very first wrestling match.",TRUE,http://static.east.abc.go.com/service/image/ratio/id/6212d78f-0822-40a8-b94d-d8ec434f9168/dim/690.1x1.jpg, FL,caucasian,1,NA,NA,24,239425,255483
Brittney Schreiner,26,Medical sales representative,"Colorado Springs, Colorado",NA,3,16,NA,NA,NA,NA,NA,NA,NA,NA,NA,NA,NA,NA,NA,NA,NA,NA,NA,NA,NA,NA,NA,NA,NA,NA,NA
Brooke Burchette,25,Community Organizer,"Pittsburgh, Pennsylvania",NA,2,17,NA,NA,NA,NA,NA,NA,NA,NA,NA,NA,NA,NA,NA,NA,NA,NA,NA,NA,NA,NA,NA,NA,NA,NA,NA
Brooke Smith,22,College Student,"Albertville, Alabama",NA,7,2,NA,NA,NA,NA,NA,NA,NA,NA,NA,NA,NA,NA,NA,NA,NA,NA,NA,NA,NA,NA,NA,NA,NA,NA,NA
Caila Quinn,24,Software Sales Representative,"Hudson, Ohio",NA,9,20,NA,NA,NA,NA,NA,NA,NA,NA,NA,NA,NA,NA,NA,NA,NA,NA,NA,NA,NA,NA,NA,NA,NA,NA,NA
Caitlyn McCabe,24,Spokesmodel,"Winfield, Illinois",NA,1,14,NA,NA,NA,NA,NA,NA,NA,NA,NA,NA,NA,NA,NA,NA,NA,NA,NA,NA,NA,NA,NA,NA,NA,NA,NA
Camille,29,Actress,"Los Angeles, California",NA,1,2,NA,NA,NA,NA,NA,NA,NA,NA,NA,NA,NA,NA,NA,NA,NA,NA,NA,NA,NA,NA,NA,NA,NA,NA,NA
Candace DeCost,23,Waitress,"Hilton Head Island, SC",NA,1,10,NA,NA,NA,NA,NA,NA,NA,NA,NA,NA,NA,NA,NA,NA,NA,NA,NA,NA,NA,NA,NA,NA,NA,NA,NA
Cari,29,3rd Grade Teacher,"Granite City, Illinois",NA,1,2,NA,NA,NA,NA,NA,NA,NA,NA,NA,NA,NA,NA,NA,NA,NA,NA,NA,NA,NA,NA,NA,NA,NA,NA,NA
Carissa Ilburg,25,Attorney,"Cattaraugus, NY",NA,1,9,NA,NA,NA,NA,NA,NA,NA,NA,NA,NA,NA,NA,NA,NA,NA,NA,NA,NA,NA,NA,NA,NA,NA,NA,NA
Carly Waddell,29,Cruise Ship Singer,"Arlington, Texas",NA,7,19,straight-medium,Arlington,64,0,light,chest, Silence,Cruise Ship Singer,God,family,mascara,curling iron,cut-off denim shorts,," I love it when my date is invested, opens the door, asks questions, looks me in the eyes, compliments me, smiles, laughs, holds my hand.  I hate it when my date looks at his phone the whole time, is absent mentally, is too handsy (at first), eats less than me, is rude to other people. What is the most outrageous thing you've ever done? I had to be a pirate watcher from midnight to 4am in the Red Sea on my last ship. (Yes, you read that correct...actual pirates, not Captain Hook.)  Who is your favorite actor? Rachel McAdams -- she's brilliant while being adorable at the same time. Perfect balance.  What's the most romantic present you have ever received? A handpicked flower from his walk to pick me up. Something about a man twirling a flower in his fingers...so sweet and thoughtful.  What does being married mean to you? Two souls growing independently and intertwined at the same time. Unconditional love, trust, companionship and compassion.",TRUE,http://static.east.abc.go.com/service/image/ratio/id/ec18c2a8-752e-4499-8553-3cdb8038c35d/dim/690.1x1.jpg, TX,caucasian,7,NA,NA,25,366303,379577
Carri Perrier,25,Church marketing rep.,"Oklahoma City, Oklahoma",NA,2,12,NA,NA,NA,NA,NA,NA,NA,NA,NA,NA,NA,NA,NA,NA,NA,NA,NA,NA,NA,NA,NA,NA,NA,NA,NA
Casey Shteamer,26,Trading clerk,"Leawood, Kansas",NA,6,16,NA,NA,NA,NA,NA,NA,NA,NA,NA,NA,NA,NA,NA,NA,NA,NA,NA,NA,NA,NA,NA,NA,NA,NA,NA
Cassandra Ferguson,22,Former NBA Dancer,"Shelby Charter Township, Michigan",NA,6,18,NA,NA,NA,NA,NA,NA,NA,NA,NA,NA,NA,NA,NA,NA,NA,NA,NA,NA,NA,NA,NA,NA,NA,NA,NA
Catherine Giudici,26,Graphic Designer,"Seattle, Washington",NA,NA,17,NA,NA,NA,NA,NA,NA,NA,NA,NA,NA,NA,NA,NA,NA,NA,NA,NA,NA,NA,NA,NA,NA,NA,NA,NA
Catherine Warren,23,Former Miss Illinois,"Lake Forest, IL",NA,1,10,NA,NA,NA,NA,NA,NA,NA,NA,NA,NA,NA,NA,NA,NA,NA,NA,NA,NA,NA,NA,NA,NA,NA,NA,NA
Cathy Grimes,22,Graduate Student,"Terra Haute, Indiana",NA,3,1,NA,NA,NA,NA,NA,NA,NA,NA,NA,NA,NA,NA,NA,NA,NA,NA,NA,NA,NA,NA,NA,NA,NA,NA,NA
Celeste Creel,24,Model/executive assistant,"Ithaca, New York",NA,2,5,NA,NA,NA,NA,NA,NA,NA,NA,NA,NA,NA,NA,NA,NA,NA,NA,NA,NA,NA,NA,NA,NA,NA,NA,NA
Channy Choch,29,Mortgage Loan Officer,"Santa Rosa, California",NA,1,14,NA,NA,NA,NA,NA,NA,NA,NA,NA,NA,NA,NA,NA,NA,NA,NA,NA,NA,NA,NA,NA,NA,NA,NA,NA
Chantal O'Brien,28,Executive Assistant,"Mercer Island, Washington",NA,10,15,NA,NA,NA,NA,NA,NA,NA,NA,NA,NA,NA,NA,NA,NA,NA,NA,NA,NA,NA,NA,NA,NA,NA,NA,NA
Chantel Forrest,27,Account Manager,"Miami, Florida",NA,2,18,NA,NA,NA,NA,NA,NA,NA,NA,NA,NA,NA,NA,NA,NA,NA,NA,NA,NA,NA,NA,NA,NA,NA,NA,NA
Chelsea Wanstrath,25,Pharmaceutical sales rep.,"Durango, Colorado",NA,8,12,NA,NA,NA,NA,NA,NA,NA,NA,NA,NA,NA,NA,NA,NA,NA,NA,NA,NA,NA,NA,NA,NA,NA,NA,NA
Chelsie Webster,24,Science Educator,"Lexington, Ohio",NA,7,18,NA,NA,NA,NA,NA,NA,NA,NA,NA,NA,NA,NA,NA,NA,NA,NA,NA,NA,NA,NA,NA,NA,NA,NA,NA
Christen,25,Wedding Videographer,"Tulsa, OK",65,3,21,NA,NA,NA,NA,NA,NA,NA,NA,NA,NA,NA,NA,NA,NA,NA,NA,NA,NA,NA,NA,NA,NA,NA,NA,NA
Christi,23,Assistant Financial Advisor,"Boise, Idaho",NA,3,2,NA,NA,NA,NA,NA,NA,NA,NA,NA,NA,NA,NA,NA,NA,NA,NA,NA,NA,NA,NA,NA,NA,NA,NA,NA
Christina,28,Attorney,"Bonita, California",NA,3,1,NA,NA,NA,NA,NA,NA,NA,NA,NA,NA,NA,NA,NA,NA,NA,NA,NA,NA,NA,NA,NA,NA,NA,NA,NA
Christina McCasland,25,Restaurant Manager,"San Diego, California",NA,2,14,NA,NA,NA,NA,NA,NA,NA,NA,NA,NA,NA,NA,NA,NA,NA,NA,NA,NA,NA,NA,NA,NA,NA,NA,NA
Christine Llano,23,Police Support Specialist,"Miami, Florida",NA,1,18,NA,NA,NA,NA,NA,NA,NA,NA,NA,NA,NA,NA,NA,NA,NA,NA,NA,NA,NA,NA,NA,NA,NA,NA,NA
Christy,24,Radiological Technologist,"Avondale, Arizona",NA,1,2,NA,NA,NA,NA,NA,NA,NA,NA,NA,NA,NA,NA,NA,NA,NA,NA,NA,NA,NA,NA,NA,NA,NA,NA,NA
Christy Hansen,24,Marketing Manager,"Aurora, Illinois",NA,3,18,NA,NA,NA,NA,NA,NA,NA,NA,NA,NA,NA,NA,NA,NA,NA,NA,NA,NA,NA,NA,NA,NA,NA,NA,NA
Clare Crawley,32,Hairstylist,"Sacramento, California",NA,10,18,NA,NA,NA,NA,NA,NA,NA,NA,NA,NA,NA,NA,NA,NA,NA,NA,NA,NA,NA,NA,NA,NA,NA,NA,NA
Claudia Gismondi,22,Restaurateur,"Boca Raton, FL",NA,1,9,NA,NA,NA,NA,NA,NA,NA,NA,NA,NA,NA,NA,NA,NA,NA,NA,NA,NA,NA,NA,NA,NA,NA,NA,NA
Corinne,24,Business Owner,"Miami, FL",61,8,21,NA,NA,NA,NA,NA,NA,NA,NA,NA,NA,NA,NA,NA,NA,NA,NA,NA,NA,NA,NA,NA,NA,NA,NA,NA
Corrie Adamson,23,Wardrobe Consultant,"Kissimmee, Florida",NA,5,14,NA,NA,NA,NA,NA,NA,NA,NA,NA,NA,NA,NA,NA,NA,NA,NA,NA,NA,NA,NA,NA,NA,NA,NA,NA
Cosetta Blanca,NA,Dancer,Italy,NA,1,9,NA,NA,NA,NA,NA,NA,NA,NA,NA,NA,NA,NA,NA,NA,NA,NA,NA,NA,NA,NA,NA,NA,NA,NA,NA
Courtney Robertson,28,Model,"Scottsdale, Arizona",NA,NA,16,NA,NA,NA,NA,NA,NA,NA,NA,NA,NA,NA,NA,NA,NA,NA,NA,NA,NA,NA,NA,NA,NA,NA,NA,NA
Cristy Caserta,30,Attorney,"Davie, Florida",NA,1,15,NA,NA,NA,NA,NA,NA,NA,NA,NA,NA,NA,NA,NA,NA,NA,NA,NA,NA,NA,NA,NA,NA,NA,NA,NA
Dana,24,Radio Sales,"Beverly Hills, California",NA,2,2,NA,NA,NA,NA,NA,NA,NA,NA,NA,NA,NA,NA,NA,NA,NA,NA,NA,NA,NA,NA,NA,NA,NA,NA,NA
Daniela,30,Neuropsychologist,"Seattle, Washington",NA,1,1,NA,NA,NA,NA,NA,NA,NA,NA,NA,NA,NA,NA,NA,NA,NA,NA,NA,NA,NA,NA,NA,NA,NA,NA,NA
Daniella McBride,24,Commercial Casting Associate,"Belmont, California",NA,6,17,NA,NA,NA,NA,NA,NA,NA,NA,NA,NA,NA,NA,NA,NA,NA,NA,NA,NA,NA,NA,NA,NA,NA,NA,NA
Danielle Imwalle,25,Graphic Designer,"Bethel, Connecticut",NA,7,10,NA,NA,NA,NA,NA,NA,NA,NA,NA,NA,NA,NA,NA,NA,NA,NA,NA,NA,NA,NA,NA,NA,NA,NA,NA
Danielle L.,27,Small Business Owner,"Los Angeles, CA",65,6,21,NA,NA,NA,NA,NA,NA,NA,NA,NA,NA,NA,NA,NA,NA,NA,NA,NA,NA,NA,NA,NA,NA,NA,NA,NA
Danielle M.,31,Neonatal Nurse,"Nashville, TN",70,7,21,NA,NA,NA,NA,NA,NA,NA,NA,NA,NA,NA,NA,NA,NA,NA,NA,NA,NA,NA,NA,NA,NA,NA,NA,NA
Danielle Ronco,25,Psychiatric Nurse,"Litchfield, Illinois",NA,5,18,NA,NA,NA,NA,NA,NA,NA,NA,NA,NA,NA,NA,NA,NA,NA,NA,NA,NA,NA,NA,NA,NA,NA,NA,NA
Danielle Vallis,26,Attorney,"Bronx, NY",NA,1,10,NA,NA,NA,NA,NA,NA,NA,NA,NA,NA,NA,NA,NA,NA,NA,NA,NA,NA,NA,NA,NA,NA,NA,NA,NA
Deanna Pappas,25,Realtor,"Newnan, Georgia",NA,8,11,NA,NA,NA,NA,NA,NA,NA,NA,NA,NA,NA,NA,NA,NA,NA,NA,NA,NA,NA,NA,NA,NA,NA,NA,NA
Debbie Merkett,27,Massage therapist/bartender,"Pinetops, North Carolina",NA,2,5,NA,NA,NA,NA,NA,NA,NA,NA,NA,NA,NA,NA,NA,NA,NA,NA,NA,NA,NA,NA,NA,NA,NA,NA,NA
Denise,30,Doctor,"Honolulu, Hawaii",NA,1,1,NA,NA,NA,NA,NA,NA,NA,NA,NA,NA,NA,NA,NA,NA,NA,NA,NA,NA,NA,NA,NA,NA,NA,NA,NA
Denise,30,Attorney and former White House aide,"Washington, D.C",NA,1,12,NA,NA,NA,NA,NA,NA,NA,NA,NA,NA,NA,NA,NA,NA,NA,NA,NA,NA,NA,NA,NA,NA,NA,NA,NA
DeShaun Warner,25,Account manager/sales,"Phillipsburg, New Jersey",NA,1,5,NA,NA,NA,NA,NA,NA,NA,NA,NA,NA,NA,NA,NA,NA,NA,NA,NA,NA,NA,NA,NA,NA,NA,NA,NA
Desiree Hartsock,26,Bridal Stylist,"Northglenn, Colorado",NA,8,17,NA,NA,NA,NA,NA,NA,NA,NA,NA,NA,NA,NA,NA,NA,NA,NA,NA,NA,NA,NA,NA,NA,NA,NA,NA
Desiree Valentin,22,Realtor,"Salt Lake City, Utah",NA,4,9,NA,NA,NA,NA,NA,NA,NA,NA,NA,NA,NA,NA,NA,NA,NA,NA,NA,NA,NA,NA,NA,NA,NA,NA,NA
Devon,24,Makeup artist,"Austin, Texas",NA,1,12,NA,NA,NA,NA,NA,NA,NA,NA,NA,NA,NA,NA,NA,NA,NA,NA,NA,NA,NA,NA,NA,NA,NA,NA,NA
Diana Weeks Willardson,31,Salon Owner,"Sandy, Utah",NA,2,17,NA,NA,NA,NA,NA,NA,NA,NA,NA,NA,NA,NA,NA,NA,NA,NA,NA,NA,NA,NA,NA,NA,NA,NA,NA
Dianna Martinez,30,Nonprofit director,"San Gabriel, California",NA,1,16,NA,NA,NA,NA,NA,NA,NA,NA,NA,NA,NA,NA,NA,NA,NA,NA,NA,NA,NA,NA,NA,NA,NA,NA,NA
Dolores Farburg,26,Account manager,"Madison, New Jersey",NA,1,5,NA,NA,NA,NA,NA,NA,NA,NA,NA,NA,NA,NA,NA,NA,NA,NA,NA,NA,NA,NA,NA,NA,NA,NA,NA
Dominique,25,Restaurant Server,"Los Angeles, CA",64,3,21,NA,NA,NA,NA,NA,NA,NA,NA,NA,NA,NA,NA,NA,NA,NA,NA,NA,NA,NA,NA,NA,NA,NA,NA,NA
Dominique Carta,26,Medical Sales Rep.,"Mt. Carmel, Pennsylvania",NA,1,13,NA,NA,NA,NA,NA,NA,NA,NA,NA,NA,NA,NA,NA,NA,NA,NA,NA,NA,NA,NA,NA,NA,NA,NA,NA
Elise Mosca,27,First Grade Teacher,"Forty Fort, Pennsylvania",NA,4,18,NA,NA,NA,NA,NA,NA,NA,NA,NA,NA,NA,NA,NA,NA,NA,NA,NA,NA,NA,NA,NA,NA,NA,NA,NA
Elizabeth,24,Marketing Manager,"Dallas, TX",67,2,21,NA,NA,NA,NA,NA,NA,NA,NA,NA,NA,NA,NA,NA,NA,NA,NA,NA,NA,NA,NA,NA,NA,NA,NA,NA
Elizabeth Kitt (NE),29,Nanny,"Imperial, Nebraska",NA,3,14,NA,NA,NA,NA,NA,NA,NA,NA,NA,NA,NA,NA,NA,NA,NA,NA,NA,NA,NA,NA,NA,NA,NA,NA,NA
Elizabeth Kreft (D.C.),29,"Captain, Air National Guard","Union, Kentucky",NA,1,14,NA,NA,NA,NA,NA,NA,NA,NA,NA,NA,NA,NA,NA,NA,NA,NA,NA,NA,NA,NA,NA,NA,NA,NA,NA
Ella Nolan,30,Hair Stylist,"La Follette, Tennessee",NA,4,14,NA,NA,NA,NA,NA,NA,NA,NA,NA,NA,NA,NA,NA,NA,NA,NA,NA,NA,NA,NA,NA,NA,NA,NA,NA
Ellen DeMaio,30,Realtor,"New Haven, Connecticut",NA,2,9,NA,NA,NA,NA,NA,NA,NA,NA,NA,NA,NA,NA,NA,NA,NA,NA,NA,NA,NA,NA,NA,NA,NA,NA,NA
Elyse Hammer,27,Physician,"New York, NY",NA,1,9,NA,NA,NA,NA,NA,NA,NA,NA,NA,NA,NA,NA,NA,NA,NA,NA,NA,NA,NA,NA,NA,NA,NA,NA,NA
Elyse Myers,24,Personal trainer,"Chicago, Illinois",NA,5,16,NA,NA,NA,NA,NA,NA,NA,NA,NA,NA,NA,NA,NA,NA,NA,NA,NA,NA,NA,NA,NA,NA,NA,NA,NA
Emily,23,Casino Marketing Rep.,"Seattle, Washington",NA,1,13,NA,NA,NA,NA,NA,NA,NA,NA,NA,NA,NA,NA,NA,NA,NA,NA,NA,NA,NA,NA,NA,NA,NA,NA,NA
Emily Ferguson,23,Waitress,"Las Vegas, Nevada",NA,7,20,NA,NA,NA,NA,NA,NA,NA,NA,NA,NA,NA,NA,NA,NA,NA,NA,NA,NA,NA,NA,NA,NA,NA,NA,NA
Emily Harkins,23,Fitness Model,"West Chester, Ohio",NA,1,14,NA,NA,NA,NA,NA,NA,NA,NA,NA,NA,NA,NA,NA,NA,NA,NA,NA,NA,NA,NA,NA,NA,NA,NA,NA
Emily Maynard,25,Children's Hospital Event Planner,"Morgantown, West Virginia",NA,NA,15,NA,NA,NA,NA,NA,NA,NA,NA,NA,NA,NA,NA,NA,NA,NA,NA,NA,NA,NA,NA,NA,NA,NA,NA,NA
Emily O'Brien,27,PhD Student,"Chapel Hill, North Carolina",NA,7,16,NA,NA,NA,NA,NA,NA,NA,NA,NA,NA,NA,NA,NA,NA,NA,NA,NA,NA,NA,NA,NA,NA,NA,NA,NA
Erica DeSimone,25,Account Executive,"Monroe, Connecticut",NA,3,13,NA,NA,NA,NA,NA,NA,NA,NA,NA,NA,NA,NA,NA,NA,NA,NA,NA,NA,NA,NA,NA,NA,NA,NA,NA
Erica Rose,23,Socialite,"Houston, Texas",NA,3,9,NA,NA,NA,NA,NA,NA,NA,NA,NA,NA,NA,NA,NA,NA,NA,NA,NA,NA,NA,NA,NA,NA,NA,NA,NA
Erika Uhlig,23,Law student,"Charlottesville, Virginia",NA,3,16,NA,NA,NA,NA,NA,NA,NA,NA,NA,NA,NA,NA,NA,NA,NA,NA,NA,NA,NA,NA,NA,NA,NA,NA,NA
Erin,25,Publications Quality Control,"Westchester, Pennsylvania",NA,2,2,NA,NA,NA,NA,NA,NA,NA,NA,NA,NA,NA,NA,NA,NA,NA,NA,NA,NA,NA,NA,NA,NA,NA,NA,NA
Erin,24,Interior Designer,"Houston, Texas",NA,1,2,NA,NA,NA,NA,NA,NA,NA,NA,NA,NA,NA,NA,NA,NA,NA,NA,NA,NA,NA,NA,NA,NA,NA,NA,NA
Erin Gardner,25,Publishing sales executive,"Tampa, Florida",NA,2,11,NA,NA,NA,NA,NA,NA,NA,NA,NA,NA,NA,NA,NA,NA,NA,NA,NA,NA,NA,NA,NA,NA,NA,NA,NA
Erin Harper,25,Event planner,"Seattle, Washington",NA,2,12,NA,NA,NA,NA,NA,NA,NA,NA,NA,NA,NA,NA,NA,NA,NA,NA,NA,NA,NA,NA,NA,NA,NA,NA,NA
Erin Parker,24,Financial analyst,"Logansport, LA",NA,3,10,NA,NA,NA,NA,NA,NA,NA,NA,NA,NA,NA,NA,NA,NA,NA,NA,NA,NA,NA,NA,NA,NA,NA,NA,NA
Erin Storm,33,Hot-dog vendor,"Venice, California",NA,3,12,NA,NA,NA,NA,NA,NA,NA,NA,NA,NA,NA,NA,NA,NA,NA,NA,NA,NA,NA,NA,NA,NA,NA,NA,NA
"Estefania ""Stephy"" Kootz",26,Executive assistant,"Atlanta, Georgia",NA,4,11,NA,NA,NA,NA,NA,NA,NA,NA,NA,NA,NA,NA,NA,NA,NA,NA,NA,NA,NA,NA,NA,NA,NA,NA,NA
Fatima,22,College Student,"Long Beach, California",NA,1,2,NA,NA,NA,NA,NA,NA,NA,NA,NA,NA,NA,NA,NA,NA,NA,NA,NA,NA,NA,NA,NA,NA,NA,NA,NA
Frances,30,Strategic Planning Analyst,"San Francisco, California",NA,2,2,NA,NA,NA,NA,NA,NA,NA,NA,NA,NA,NA,NA,NA,NA,NA,NA,NA,NA,NA,NA,NA,NA,NA,NA,NA
Francine Jones,25,Retail manager,"Houston, Texas",NA,1,5,NA,NA,NA,NA,NA,NA,NA,NA,NA,NA,NA,NA,NA,NA,NA,NA,NA,NA,NA,NA,NA,NA,NA,NA,NA
Gia Allemand,26,Swimsuit Model,"New York, New York",NA,7,14,NA,NA,NA,NA,NA,NA,NA,NA,NA,NA,NA,NA,NA,NA,NA,NA,NA,NA,NA,NA,NA,NA,NA,NA,NA
Gina Clark,28,Ultrasound technician,"Chicago, Illinois",NA,3,9,NA,NA,NA,NA,NA,NA,NA,NA,NA,NA,NA,NA,NA,NA,NA,NA,NA,NA,NA,NA,NA,NA,NA,NA,NA
Gwen Gioia,31,Executive Recruiter,"Philadelphia, Pennsylvania",NA,6,2,NA,NA,NA,NA,NA,NA,NA,NA,NA,NA,NA,NA,NA,NA,NA,NA,NA,NA,NA,NA,NA,NA,NA,NA,NA
Hailey,23,Photographer,"Vancouver, British Columbia, Canada",67,2,21,NA,NA,NA,NA,NA,NA,NA,NA,NA,NA,NA,NA,NA,NA,NA,NA,NA,NA,NA,NA,NA,NA,NA,NA,NA
Haley Ferguson,23,Waitress,"Las Vegas, Nevada",NA,4,20,NA,NA,NA,NA,NA,NA,NA,NA,NA,NA,NA,NA,NA,NA,NA,NA,NA,NA,NA,NA,NA,NA,NA,NA,NA
Hayley,28,Retail Manager,"Lake Oswego, Oregon",NA,4,2,NA,NA,NA,NA,NA,NA,NA,NA,NA,NA,NA,NA,NA,NA,NA,NA,NA,NA,NA,NA,NA,NA,NA,NA,NA
Heather,24,Marriage Therapy Trainee,"Walnut Creek, California",NA,3,2,NA,NA,NA,NA,NA,NA,NA,NA,NA,NA,NA,NA,NA,NA,NA,NA,NA,NA,NA,NA,NA,NA,NA,NA,NA
Heather Crawford,30,Flight Attendant,"Dallas, Texas",NA,4,2,NA,NA,NA,NA,NA,NA,NA,NA,NA,NA,NA,NA,NA,NA,NA,NA,NA,NA,NA,NA,NA,NA,NA,NA,NA
Heather Sneed,34,Registered nurse,"Aliquippa, PA",NA,1,9,NA,NA,NA,NA,NA,NA,NA,NA,NA,NA,NA,NA,NA,NA,NA,NA,NA,NA,NA,NA,NA,NA,NA,NA,NA
Helene Eksterowicz,27,School Psychologist,"Gloucester, New Jersey",NA,NA,2,NA,NA,NA,NA,NA,NA,NA,NA,NA,NA,NA,NA,NA,NA,NA,NA,NA,NA,NA,NA,NA,NA,NA,NA,NA
Hillary Reisinger,27,Registered nurse,"Philadelphia, Pennsylvania",NA,5,11,NA,NA,NA,NA,NA,NA,NA,NA,NA,NA,NA,NA,NA,NA,NA,NA,NA,NA,NA,NA,NA,NA,NA,NA,NA
Holly Durst,24,Children's book author,"Suffield, Ohio",NA,4,12,NA,NA,NA,NA,NA,NA,NA,NA,NA,NA,NA,NA,NA,NA,NA,NA,NA,NA,NA,NA,NA,NA,NA,NA,NA
Holly Johnson,34,Pharmaceutical sales representative,"Salyersville, Kentucky",NA,1,16,NA,NA,NA,NA,NA,NA,NA,NA,NA,NA,NA,NA,NA,NA,NA,NA,NA,NA,NA,NA,NA,NA,NA,NA,NA
Holly Reeder,26,Bank representative,"Tulsa, Oklahoma",NA,1,5,NA,NA,NA,NA,NA,NA,NA,NA,NA,NA,NA,NA,NA,NA,NA,NA,NA,NA,NA,NA,NA,NA,NA,NA,NA
Ida Marie,23,Sales Manager,"Harlingen, TX",68,1,21,NA,NA,NA,NA,NA,NA,NA,NA,NA,NA,NA,NA,NA,NA,NA,NA,NA,NA,NA,NA,NA,NA,NA,NA,NA
"Isabel ""Izzy"" Goodkind",24,Graphic Designer,"Branford, Connecticut",NA,1,20,NA,NA,NA,NA,NA,NA,NA,NA,NA,NA,NA,NA,NA,NA,NA,NA,NA,NA,NA,NA,NA,NA,NA,NA,NA
Jackie,22,Bar Manager,"Pittsburgh, Pennsylvania",NA,1,1,NA,NA,NA,NA,NA,NA,NA,NA,NA,NA,NA,NA,NA,NA,NA,NA,NA,NA,NA,NA,NA,NA,NA,NA,NA
Jackie Gordon,26,Artist,"Newport, Rhode Island",NA,6,15,NA,NA,NA,NA,NA,NA,NA,NA,NA,NA,NA,NA,NA,NA,NA,NA,NA,NA,NA,NA,NA,NA,NA,NA,NA
Jackie Hickey,26,Wedding Coordinator,"Springfield, Massachusetts",NA,1,13,NA,NA,NA,NA,NA,NA,NA,NA,NA,NA,NA,NA,NA,NA,NA,NA,NA,NA,NA,NA,NA,NA,NA,NA,NA
Jackie Parr,25,Cosmetics Consultant,"Ormond Beach, Florida",NA,5,17,NA,NA,NA,NA,NA,NA,NA,NA,NA,NA,NA,NA,NA,NA,NA,NA,NA,NA,NA,NA,NA,NA,NA,NA,NA
Jackie Topelli,23,Executive coordinator,"Minneapolis, MN",NA,1,10,NA,NA,NA,NA,NA,NA,NA,NA,NA,NA,NA,NA,NA,NA,NA,NA,NA,NA,NA,NA,NA,NA,NA,NA,NA
Jaclyn Swartz,27,Advertising account manager,"Newton, Massachusetts",NA,3,16,NA,NA,NA,NA,NA,NA,NA,NA,NA,NA,NA,NA,NA,NA,NA,NA,NA,NA,NA,NA,NA,NA,NA,NA,NA
"Jacqueline ""Jackie"" Dion",23,Gerontologist,"Newport Beach, California",NA,2,20,NA,NA,NA,NA,NA,NA,NA,NA,NA,NA,NA,NA,NA,NA,NA,NA,NA,NA,NA,NA,NA,NA,NA,NA,NA
Jade Beazley,24,Boutique sales worker,"Nashville, Tennessee",NA,4,11,NA,NA,NA,NA,NA,NA,NA,NA,NA,NA,NA,NA,NA,NA,NA,NA,NA,NA,NA,NA,NA,NA,NA,NA,NA
Jade Roper,28,Cosmetics Developer,"Gering, Nebraska",NA,8,19,medium,Los Angeles,64,2,dark,chest, Having to tell someone there's no chemistry,Cosmetics Developer,My dog,my car,my family,avocados,books,," If I never had to worry about debt, I would be very happy.  If I never got to go outside, I would be very sad.  What is your greatest achievement to date? Moving to Los Angeles on my own and starting the launch of my business.  If you could be any animal, what would you be? An elephant. They are associated with wisdom and altruism. They are large in scale yet graceful. I love the matriarchy as well.  If you could be a fictional character, who would you be? Jane Eyre. She's admirable, a heroine that relies on herself to get back on her feet. She's complex and passionate.  If you won the lottery, what would you do with your winnings? Launch my business, pay off my debt, set my parents up for retirement, invest, and give back.",TRUE,http://static.east.abc.go.com/service/image/ratio/id/13f27ffe-55ec-4642-8066-9513ac3d3a0e/dim/690.1x1.jpg, CA,caucasian,8,NA,NA,30,3796000,3884000
Jaimi,28,Chef,"New Orleans, LA",62,5,21,NA,NA,NA,NA,NA,NA,NA,NA,NA,NA,NA,NA,NA,NA,NA,NA,NA,NA,NA,NA,NA,NA,NA,NA,NA
Jami Letain,23,Bartender,"St. Albert, Alberta",NA,3,20,NA,NA,NA,NA,NA,NA,NA,NA,NA,NA,NA,NA,NA,NA,NA,NA,NA,NA,NA,NA,NA,NA,NA,NA,NA
Jami Matzke,27,Event planner,"Galveston, Texas",NA,3,9,NA,NA,NA,NA,NA,NA,NA,NA,NA,NA,NA,NA,NA,NA,NA,NA,NA,NA,NA,NA,NA,NA,NA,NA,NA
Jamie Otis,25,Registered nurse,"Dryden, New York",NA,6,16,NA,NA,NA,NA,NA,NA,NA,NA,NA,NA,NA,NA,NA,NA,NA,NA,NA,NA,NA,NA,NA,NA,NA,NA,NA
Jasmine B.,25,Flight Attendant,"Tacoma, WA",62.5,1,21,NA,NA,NA,NA,NA,NA,NA,NA,NA,NA,NA,NA,NA,NA,NA,NA,NA,NA,NA,NA,NA,NA,NA,NA,NA
Jasmine G.,29,Pro Basketball Dancer,"San Francisco, CA",67,6,21,NA,NA,NA,NA,NA,NA,NA,NA,NA,NA,NA,NA,NA,NA,NA,NA,NA,NA,NA,NA,NA,NA,NA,NA,NA
Jean-Marie Callahan,26,Hair stylist,"Gibson, North Carolina",NA,2,5,NA,NA,NA,NA,NA,NA,NA,NA,NA,NA,NA,NA,NA,NA,NA,NA,NA,NA,NA,NA,NA,NA,NA,NA,NA
Jeanette Alvarez,27,Health care manager,"Tampa, FL",NA,1,10,NA,NA,NA,NA,NA,NA,NA,NA,NA,NA,NA,NA,NA,NA,NA,NA,NA,NA,NA,NA,NA,NA,NA,NA,NA
Jeanette Pawula,23,Teacher,"Bloomingdale, Illinois",NA,4,9,NA,NA,NA,NA,NA,NA,NA,NA,NA,NA,NA,NA,NA,NA,NA,NA,NA,NA,NA,NA,NA,NA,NA,NA,NA
Jenna Burke,27,Blogger,"Loveland, Ohio",NA,2,16,NA,NA,NA,NA,NA,NA,NA,NA,NA,NA,NA,NA,NA,NA,NA,NA,NA,NA,NA,NA,NA,NA,NA,NA,NA
Jenni Croft,27,Phoenix Suns Cheerleader,"Wichita, Kansas",NA,8,11,NA,NA,NA,NA,NA,NA,NA,NA,NA,NA,NA,NA,NA,NA,NA,NA,NA,NA,NA,NA,NA,NA,NA,NA,NA
Jennifer Fritsch,28,Accountant,"Cache, Oklahoma",NA,5,16,NA,NA,NA,NA,NA,NA,NA,NA,NA,NA,NA,NA,NA,NA,NA,NA,NA,NA,NA,NA,NA,NA,NA,NA,NA
Jennifer Saviano,25,Small Business Owner,"Lauderdale Lakes, Florida",NA,5,20,NA,NA,NA,NA,NA,NA,NA,NA,NA,NA,NA,NA,NA,NA,NA,NA,NA,NA,NA,NA,NA,NA,NA,NA,NA
Jennifer Wilson,24,Teacher,"Pembroke Pines, Florida",NA,NA,9,NA,NA,NA,NA,NA,NA,NA,NA,NA,NA,NA,NA,NA,NA,NA,NA,NA,NA,NA,NA,NA,NA,NA,NA,NA
Jenny De Schiralli,26,Swim instructor/nanny/personal trainer,"Carrboro, North Carolina",NA,3,5,NA,NA,NA,NA,NA,NA,NA,NA,NA,NA,NA,NA,NA,NA,NA,NA,NA,NA,NA,NA,NA,NA,NA,NA,NA
Jenny Matthews,24,Retail manager,"Canton, Michigan",NA,2,5,NA,NA,NA,NA,NA,NA,NA,NA,NA,NA,NA,NA,NA,NA,NA,NA,NA,NA,NA,NA,NA,NA,NA,NA,NA
"Jessica ""J"" Adams",26,Operations Manager,"Seattle, Washington",NA,1,15,NA,NA,NA,NA,NA,NA,NA,NA,NA,NA,NA,NA,NA,NA,NA,NA,NA,NA,NA,NA,NA,NA,NA,NA,NA
Jessica Bowlin,22,Student,"Huntington Beach, California",NA,NA,5,NA,NA,NA,NA,NA,NA,NA,NA,NA,NA,NA,NA,NA,NA,NA,NA,NA,NA,NA,NA,NA,NA,NA,NA,NA
Jessica Devallo,32,Hedge fund analyst,"New York, NY",NA,1,10,NA,NA,NA,NA,NA,NA,NA,NA,NA,NA,NA,NA,NA,NA,NA,NA,NA,NA,NA,NA,NA,NA,NA,NA,NA
Jessica Holcomb,25,Attorney,"Pearsall, Texas",NA,3,5,NA,NA,NA,NA,NA,NA,NA,NA,NA,NA,NA,NA,NA,NA,NA,NA,NA,NA,NA,NA,NA,NA,NA,NA,NA
Jessica Horner,25,Assistant buyer,"Charlotte, NC",NA,1,9,NA,NA,NA,NA,NA,NA,NA,NA,NA,NA,NA,NA,NA,NA,NA,NA,NA,NA,NA,NA,NA,NA,NA,NA,NA
Jessica Kiss,27,News anchor,"Lady Lake, Florida",NA,1,11,NA,NA,NA,NA,NA,NA,NA,NA,NA,NA,NA,NA,NA,NA,NA,NA,NA,NA,NA,NA,NA,NA,NA,NA,NA
Jessica Kyron,21,Student,"Cincinnati, Ohio",NA,1,5,NA,NA,NA,NA,NA,NA,NA,NA,NA,NA,NA,NA,NA,NA,NA,NA,NA,NA,NA,NA,NA,NA,NA,NA,NA
Jessica Moser,23,Accountant,"Boca Raton, Florida",NA,1,20,NA,NA,NA,NA,NA,NA,NA,NA,NA,NA,NA,NA,NA,NA,NA,NA,NA,NA,NA,NA,NA,NA,NA,NA,NA
Jessie Sulidis,25,Cosmetic Sales Manager,"Oakville, Ontario",NA,4,14,NA,NA,NA,NA,NA,NA,NA,NA,NA,NA,NA,NA,NA,NA,NA,NA,NA,NA,NA,NA,NA,NA,NA,NA,NA
Jill,31,Retail Manager,"Chicago, Illinois",NA,1,1,NA,NA,NA,NA,NA,NA,NA,NA,NA,NA,NA,NA,NA,NA,NA,NA,NA,NA,NA,NA,NA,NA,NA,NA,NA
Jill Ruskowski,28,Sales director,"Frisco, Texas",NA,1,15,NA,NA,NA,NA,NA,NA,NA,NA,NA,NA,NA,NA,NA,NA,NA,NA,NA,NA,NA,NA,NA,NA,NA,NA,NA
Jillian Anderson,25,News Producer,"Howland, Ohio",NA,4,19,straight,Washington,62,0,dark,chest, A guy with bad intentions,News Producer,My phone,chocolate,my bunny rabbit,Netflix,Mexican food,," If I never had to mow the lawn, I would be very happy.  If I never got to eat, I would be very sad.  If you really wanted to impress a man, what would you do? Be myself. If he's not impressed he's not the right one. I like intellectual conversations.  What's the most outrageous thing you have ever done? I let Mike Tyson feel my bicep and I let him dangerously close to my ear...but I still have both.  If you could be a fictional character, who would you be? Iron Man -- because he's Iron Man! I want the suit and to be able to save people and fly around.  What's your most embarrassing moment? Possibly this process...getting asked about my life in front of tons of people. Eek!",TRUE,http://static.east.abc.go.com/service/image/ratio/id/16cea051-ceac-492f-8f82-46b3ccd895a8/dim/690.16x9.jpg, DC,caucasian,NA,TRUE,2,12,604453,649111
Jillian Harris,29,Interior Designer,"Peace River, Alberta",NA,7,13,NA,NA,NA,NA,NA,NA,NA,NA,NA,NA,NA,NA,NA,NA,NA,NA,NA,NA,NA,NA,NA,NA,NA,NA,NA
"Joelle ""JoJo"" Fletcher",24,Real Estate Developer,"Dallas, Texas",NA,10,20,NA,NA,NA,NA,NA,NA,NA,NA,NA,NA,NA,NA,NA,NA,NA,NA,NA,NA,NA,NA,NA,NA,NA,NA,NA
Jordan Branch,24,Student,"Windsor, Colorado",NA,2,19,straight,Windsor,65,2,light,shoulder, Getting stomach cramps,Student,Blush,toothbrush,phone,water,food,," I love it when my date opens my door and brings me flowers.  I hate it when my date smacks his food! What's the most outrageous thing you've ever done? I jumped off the back of a boat bar naked in the British Virgin Islands and then was the bartender while the real one took a nap.  If you could be someone else for just one day, who would it be? Britney Spears because she's awesome!  If you really wanted to impress a man, what would you do? Give him a sexy dance because it would turn him on and hopefully lead to more.  Who do you admire most in the world? My mama. She always knows best, she's always been there when I need her -- or even if I don't. She's beautiful, successful, and I think she's amazing.  ",TRUE,http://static.east.abc.go.com/service/image/ratio/id/f1363acc-127c-4f1e-93b2-1b68f536a4d9/dim/690.1x1.jpg, CO,caucasian,2,NA,NA,22,18762,20422
Josephine,24,Registered Nurse,"Santa Cruz, CA",67.75,5,21,NA,NA,NA,NA,NA,NA,NA,NA,NA,NA,NA,NA,NA,NA,NA,NA,NA,NA,NA,NA,NA,NA,NA,NA,NA
Jubilee Sharpe,24,War Veteran,"Fort Lauderdale, Florida",NA,5,20,NA,NA,NA,NA,NA,NA,NA,NA,NA,NA,NA,NA,NA,NA,NA,NA,NA,NA,NA,NA,NA,NA,NA,NA,NA
Juelia Kinney,30,Esthetician,"Beaverton, Oregon",NA,4,19,straight,Portland,65,1,mixed,chest, Long periods of silence,Esthetician,My tinted mineral sunscreen,adventure,faith,drive,sense of humor,," If I never had to sleep, I would be very happy.  If I never got to eat, I would be very sad.  If you won the lottery, what would you do with your winnings? Buy property and travel the world! And shop of course...I am a woman. :)  Top 3 all-time favorite movies? Dumb and Dumber, Titanic, and Bridesmaids. What's your worst date memory? The guy took me to dinner, then refused to eat dinner, and then told me he couldn't believe I ate my whole dinner.  Do you consider yourself a romantic? I do! I know there's an amazing man out there for me, I just have to find him -- or hopefully he finds me on The Bachelor!",TRUE,http://static.east.abc.go.com/service/image/ratio/id/7128b786-883e-4710-8325-7eceed041e6c/dim/690.1x1.jpg, OR,caucasian,NA,NA,NA,18,585256,609456
Juli Gilliam,24,Law student,"Chicago, Illinois",NA,1,11,NA,NA,NA,NA,NA,NA,NA,NA,NA,NA,NA,NA,NA,NA,NA,NA,NA,NA,NA,NA,NA,NA,NA,NA,NA
Julie Dermotta,26,Teacher,"Columbus, Ohio",NA,1,13,NA,NA,NA,NA,NA,NA,NA,NA,NA,NA,NA,NA,NA,NA,NA,NA,NA,NA,NA,NA,NA,NA,NA,NA,NA
Julie Durda,24,Professional Cheerleader,"Sacramento, California",NA,3,5,NA,NA,NA,NA,NA,NA,NA,NA,NA,NA,NA,NA,NA,NA,NA,NA,NA,NA,NA,NA,NA,NA,NA,NA,NA
Kacie Boguskie,24,Administrative assistant,"Clarksville, Tennessee",NA,8,16,NA,NA,NA,NA,NA,NA,NA,NA,NA,NA,NA,NA,NA,NA,NA,NA,NA,NA,NA,NA,NA,NA,NA,NA,NA
Kacie Boguskie,25,Administrative Assistant,"Clarksville, Tennessee",NA,3,17,NA,NA,NA,NA,NA,NA,NA,NA,NA,NA,NA,NA,NA,NA,NA,NA,NA,NA,NA,NA,NA,NA,NA,NA,NA
Kaitlyn Bristowe,29,Dance Instructor,"Leduc, Alberta",NA,9,19,medium,Vancouver,64,5,medium-dark,chest, That we won't feel the same,Dance Instructor,Moisturizer,family,eyelash curler,sushi,music,," If I never had to worry, I would be very happy.  If I never got to love, I would be very sad.  If you won the lottery, what would you do with your winnings? Pay back my parents for all my dance lessons, buy an island and make it into a land of pirates. It would be called Yarrrland.  What is your greatest achievement to date? Getting a dance scholarship and moving out of my small town for it.  If you could be a fictional character, who would you be? April O'Neil because she gets to hang out with the Ninja Turtles and she's a babe.  If you wanted to approach a man you'd never met before, how would you go about it? I'd walk right up to him and just say, ""Good, and you?""",FALSE,http://static.east.abc.go.com/service/image/ratio/id/ca09659f-d608-4934-a7d0-a031c4f502c3/dim/690.1x1.jpg, BC,caucasian,NA,NA,NA,15,603502,630056
Kara Wilson,25,High School Soccer Coach,"Brownsville, Kentucky",NA,1,19,straight,Brownsville,67,0,light,shoulder, Sweating,High School Soccer Coach,Mountain Dew,cookies,my family,writing,Jesus,," If I never had to go to grad school, I would be very happy.  If I never got to teach, I would be very sad.  If you could be someone else for just one day, who would you be? My future husband, so I'd know who he is, what he's like, and what goes on in his head.  What's your most embarrassing moment? A trainer had to massage my shins (splints) and my legs were really hairy. He was handsome, so... yeah.  If you could be any animal, what would you be? A housecat -- they're loved and petted, but their owners respect their independence.  If you really wanted to impress a man, what would you do? Be myself. And wear a sexy yet tasteful outfit. I think it's attractive to be yourself, and not easy when you're nervous.",TRUE,http://static.east.abc.go.com/service/image/ratio/id/eecbc0dd-b330-45cd-a5a5-2e5adbbee636/dim/690.1x1.jpg, KY,caucasian,1,NA,NA,29,836,830
Karen Lindsay,28,Pharmaceutical sales,"Pleasant Grove, Utah",NA,4,5,NA,NA,NA,NA,NA,NA,NA,NA,NA,NA,NA,NA,NA,NA,NA,NA,NA,NA,NA,NA,NA,NA,NA,NA,NA
Kari Fajen,27,Account Executive,"Lee's Summit, Missouri",NA,3,13,NA,NA,NA,NA,NA,NA,NA,NA,NA,NA,NA,NA,NA,NA,NA,NA,NA,NA,NA,NA,NA,NA,NA,NA,NA
Kat Hurd,29,Medical Sales Representative/NBA Dancer,"Iowa City, Iowa",NA,6,18,NA,NA,NA,NA,NA,NA,NA,NA,NA,NA,NA,NA,NA,NA,NA,NA,NA,NA,NA,NA,NA,NA,NA,NA,NA
Kate Brockhouse,24,Boutique owner,"Ravenel, South Carolina",NA,4,10,NA,NA,NA,NA,NA,NA,NA,NA,NA,NA,NA,NA,NA,NA,NA,NA,NA,NA,NA,NA,NA,NA,NA,NA,NA
Kathryn Sherlock,25,Corporate Flight Attendant,"Lexington, Kentucky",NA,4,14,NA,NA,NA,NA,NA,NA,NA,NA,NA,NA,NA,NA,NA,NA,NA,NA,NA,NA,NA,NA,NA,NA,NA,NA,NA
Katie,23,Power Tool Sales Rep.,"Malden, Massachusetts",NA,2,1,NA,NA,NA,NA,NA,NA,NA,NA,NA,NA,NA,NA,NA,NA,NA,NA,NA,NA,NA,NA,NA,NA,NA,NA,NA
Katie Gehart,22,LASIK Eye and Skin Center manager,"Scottsdale, Arizona",NA,3,5,NA,NA,NA,NA,NA,NA,NA,NA,NA,NA,NA,NA,NA,NA,NA,NA,NA,NA,NA,NA,NA,NA,NA,NA,NA
Katie Levans,27,Yoga Instructor,"Woodstock, Illinois",NA,2,17,NA,NA,NA,NA,NA,NA,NA,NA,NA,NA,NA,NA,NA,NA,NA,NA,NA,NA,NA,NA,NA,NA,NA,NA,NA
Kelly Duncan,25,Medical sales rep.,"Hollywood, California",NA,4,12,NA,NA,NA,NA,NA,NA,NA,NA,NA,NA,NA,NA,NA,NA,NA,NA,NA,NA,NA,NA,NA,NA,NA,NA,NA
Kelly Dutton,28,Cruise Ship Entertainer,"Chattanooga, Tennessee",NA,1,17,NA,NA,NA,NA,NA,NA,NA,NA,NA,NA,NA,NA,NA,NA,NA,NA,NA,NA,NA,NA,NA,NA,NA,NA,NA
Kelly Travis,27,Dog Lover,"Conyers, Georgia",NA,5,18,NA,NA,NA,NA,NA,NA,NA,NA,NA,NA,NA,NA,NA,NA,NA,NA,NA,NA,NA,NA,NA,NA,NA,NA,NA
Kelsey Poe,28,Guidance Counselor,"Hudsonville, Michigan",NA,6,19,straight,Austin,65,0,dark,neck, Diarrhea,Guidance Counselor,Hope,love,optimism,creativity,chapstick,," If I never had to experience the death of a loved one, I would be very happy.  If I never got to be challenged, I would be very sad.  Who do you admire most in the world? My grandma Helen because she is full of grace, wisdom, style, and strength.  If you could be someone else for just one day, who would you be? I'd be my future spouse so I could truly know the person and his experience in life. Then when I ask, ""Honey, how was your day?"" I'd have a better idea.  Top 3 all-time favorite movies? Good Will Hunting, What About Bob?, and Mean Girls. They're great to psychoanalyze.  Describe your idea of the ultimate date. Something neither of us has done -- outdoors, active, and in a new environment.",TRUE,http://static.east.abc.go.com/service/image/ratio/id/b29b51cb-60ad-4a3f-b346-6eda948aeab4/dim/690.1x1.jpg, TX,caucasian,NA,NA,NA,3,815260,885400
Keltie Colleen,28,Radio City Rockette,"Sherwood Park, Alberta",NA,2,15,NA,NA,NA,NA,NA,NA,NA,NA,NA,NA,NA,NA,NA,NA,NA,NA,NA,NA,NA,NA,NA,NA,NA,NA,NA
Keriann Miranda,29,Entrepreneur,"Agoura Hills, California",NA,1,17,NA,NA,NA,NA,NA,NA,NA,NA,NA,NA,NA,NA,NA,NA,NA,NA,NA,NA,NA,NA,NA,NA,NA,NA,NA
Kim,24,Nanny,"Tempe, Arizona",NA,4,1,NA,NA,NA,NA,NA,NA,NA,NA,NA,NA,NA,NA,NA,NA,NA,NA,NA,NA,NA,NA,NA,NA,NA,NA,NA
Kim Jackson,27,Interior designer,"Newport Beach, California",NA,2,9,NA,NA,NA,NA,NA,NA,NA,NA,NA,NA,NA,NA,NA,NA,NA,NA,NA,NA,NA,NA,NA,NA,NA,NA,NA
Kim Orville,31,Realtor,"Woodbridge, Connecticut",NA,1,11,NA,NA,NA,NA,NA,NA,NA,NA,NA,NA,NA,NA,NA,NA,NA,NA,NA,NA,NA,NA,NA,NA,NA,NA,NA
Kimberly Coon,27,Marketing Coordinator,"Orlando, Florida",NA,3,15,NA,NA,NA,NA,NA,NA,NA,NA,NA,NA,NA,NA,NA,NA,NA,NA,NA,NA,NA,NA,NA,NA,NA,NA,NA
Kimberly Sherbach,28,Yoga Instructor,"Wantagh, New York",NA,2,19,straight-medium,Long Island,67,0,dark,chest, Not liking the guy and not being able to escape the date,Yoga Instructor,Yoga,family,popcorn,my niece,makeup,," If I never had to think about money, I would be very happy.  If I never got to get dressed up, I would be very sad.  What is your greatest achievement to date? Graduating from college with honors.  If you could be a fictional character, who would you be? Mabe a fairy godmother. It would be fun granting wishes!  Top 3 all-time favorite movies? Shawshank Redemption (I cry every time), Another Earth, and Stepmom.  Do you consider yourself a romantic? Hopeless (or hopeful) romantic. I will always believe in love. Always.",TRUE,http://static.east.abc.go.com/service/image/ratio/id/c0a4edda-7d35-4f81-b08b-9a0b6f78de1e/dim/690.1x1.jpg, NY,caucasian,2,TRUE,6,28,7568000,7686912
Kimberly Sullivan,24,NBA Dancer,"Norman, Oklahoma",NA,1,14,NA,NA,NA,NA,NA,NA,NA,NA,NA,NA,NA,NA,NA,NA,NA,NA,NA,NA,NA,NA,NA,NA,NA,NA,NA
Kirsten Pittman,25,Waitress,"Aurora, Colorado",NA,1,14,NA,NA,NA,NA,NA,NA,NA,NA,NA,NA,NA,NA,NA,NA,NA,NA,NA,NA,NA,NA,NA,NA,NA,NA,NA
Kristin Clearwater,25,Singer,"Sausalito, California",NA,1,5,NA,NA,NA,NA,NA,NA,NA,NA,NA,NA,NA,NA,NA,NA,NA,NA,NA,NA,NA,NA,NA,NA,NA,NA,NA
Kristina,27,Advertising Executive,"Los Angeles, California",NA,1,1,NA,NA,NA,NA,NA,NA,NA,NA,NA,NA,NA,NA,NA,NA,NA,NA,NA,NA,NA,NA,NA,NA,NA,NA,NA
Kristina,24,Dental Hygienist,"Lexington, KY",62,7,21,NA,NA,NA,NA,NA,NA,NA,NA,NA,NA,NA,NA,NA,NA,NA,NA,NA,NA,NA,NA,NA,NA,NA,NA,NA
Kristine Heffelfinger,33,Personal trainer,"Dillsburg, Pennsylvania",NA,3,12,NA,NA,NA,NA,NA,NA,NA,NA,NA,NA,NA,NA,NA,NA,NA,NA,NA,NA,NA,NA,NA,NA,NA,NA,NA
Kristy Kaminski,25,Model,"Darien, Wisconsin",NA,3,17,NA,NA,NA,NA,NA,NA,NA,NA,NA,NA,NA,NA,NA,NA,NA,NA,NA,NA,NA,NA,NA,NA,NA,NA,NA
Kristy Katzmann,29,Acupuncturist,"Gurnee, Illinois",NA,5,11,NA,NA,NA,NA,NA,NA,NA,NA,NA,NA,NA,NA,NA,NA,NA,NA,NA,NA,NA,NA,NA,NA,NA,NA,NA
Kristy Romero,25,Student,"Dearborn, Michigan",NA,2,5,NA,NA,NA,NA,NA,NA,NA,NA,NA,NA,NA,NA,NA,NA,NA,NA,NA,NA,NA,NA,NA,NA,NA,NA,NA
Kyla,22,Airline Supervisor,"Midvale, Utah",NA,3,2,NA,NA,NA,NA,NA,NA,NA,NA,NA,NA,NA,NA,NA,NA,NA,NA,NA,NA,NA,NA,NA,NA,NA,NA,NA
Kylie Lewis,23,Interior Designer,"Rockford, Illinois",NA,1,18,NA,NA,NA,NA,NA,NA,NA,NA,NA,NA,NA,NA,NA,NA,NA,NA,NA,NA,NA,NA,NA,NA,NA,NA,NA
Lace Morris,25,Real Estate Agent,"Denver, Colorado",NA,3,20,NA,NA,NA,NA,NA,NA,NA,NA,NA,NA,NA,NA,NA,NA,NA,NA,NA,NA,NA,NA,NA,NA,NA,NA,NA
Lacey,25,Digital Marketing Manager,"Manhattan, NY",63,2,21,NA,NA,NA,NA,NA,NA,NA,NA,NA,NA,NA,NA,NA,NA,NA,NA,NA,NA,NA,NA,NA,NA,NA,NA,NA
Lacey Garbelman,27,Insurance agent,"Tampa, Florida",NA,1,15,NA,NA,NA,NA,NA,NA,NA,NA,NA,NA,NA,NA,NA,NA,NA,NA,NA,NA,NA,NA,NA,NA,NA,NA,NA
Lacey Latka,24,Graduate Student,"Stevenson Ranch, California",NA,1,17,NA,NA,NA,NA,NA,NA,NA,NA,NA,NA,NA,NA,NA,NA,NA,NA,NA,NA,NA,NA,NA,NA,NA,NA,NA
Lacy Faddoul,25,Nursing Home Owner,"Antelope Acres, California",NA,1,18,NA,NA,NA,NA,NA,NA,NA,NA,NA,NA,NA,NA,NA,NA,NA,NA,NA,NA,NA,NA,NA,NA,NA,NA,NA
LaNease Adams,23,Actress,"Los Angeles, California",NA,3,1,NA,NA,NA,NA,NA,NA,NA,NA,NA,NA,NA,NA,NA,NA,NA,NA,NA,NA,NA,NA,NA,NA,NA,NA,NA
Laura Esselman,24,Account Executive,"Louisville, Kentucky",NA,1,20,NA,NA,NA,NA,NA,NA,NA,NA,NA,NA,NA,NA,NA,NA,NA,NA,NA,NA,NA,NA,NA,NA,NA,NA,NA
Laura Morgan,29,Dolphin trainer,"San Diego, CA",NA,1,9,NA,NA,NA,NA,NA,NA,NA,NA,NA,NA,NA,NA,NA,NA,NA,NA,NA,NA,NA,NA,NA,NA,NA,NA,NA
Lauren,30,Law School Graduate,"Naples, FL",67,1,21,NA,NA,NA,NA,NA,NA,NA,NA,NA,NA,NA,NA,NA,NA,NA,NA,NA,NA,NA,NA,NA,NA,NA,NA,NA
"Lauren ""LB"" Barr",23,Fashion Buyer,"Stillwater, Oklahoma",NA,2,20,NA,NA,NA,NA,NA,NA,NA,NA,NA,NA,NA,NA,NA,NA,NA,NA,NA,NA,NA,NA,NA,NA,NA,NA,NA
Lauren Bushnell,25,Flight Attendant,"West Linn, Oregon",NA,NA,20,NA,NA,NA,NA,NA,NA,NA,NA,NA,NA,NA,NA,NA,NA,NA,NA,NA,NA,NA,NA,NA,NA,NA,NA,NA
Lauren Higginson,25,Mineral Coordinator,"Edmond, Oklahoma",NA,1,18,NA,NA,NA,NA,NA,NA,NA,NA,NA,NA,NA,NA,NA,NA,NA,NA,NA,NA,NA,NA,NA,NA,NA,NA,NA
Lauren Himle,25,Kindergarten Teacher,"Dexter, Michigan",NA,6,20,NA,NA,NA,NA,NA,NA,NA,NA,NA,NA,NA,NA,NA,NA,NA,NA,NA,NA,NA,NA,NA,NA,NA,NA,NA
Lauren Marchetti,27,Journalist,"Cranston, Rhode Island",NA,1,17,NA,NA,NA,NA,NA,NA,NA,NA,NA,NA,NA,NA,NA,NA,NA,NA,NA,NA,NA,NA,NA,NA,NA,NA,NA
Lauren Moore,26,High School Teacher,"Culpeper, Virginia",NA,1,15,NA,NA,NA,NA,NA,NA,NA,NA,NA,NA,NA,NA,NA,NA,NA,NA,NA,NA,NA,NA,NA,NA,NA,NA,NA
Lauren Russell,26,Math Teacher,"Houston, Texas",NA,1,20,NA,NA,NA,NA,NA,NA,NA,NA,NA,NA,NA,NA,NA,NA,NA,NA,NA,NA,NA,NA,NA,NA,NA,NA,NA
Lauren Solomon,26,Music Composer,"Austin, Texas",NA,4,18,NA,NA,NA,NA,NA,NA,NA,NA,NA,NA,NA,NA,NA,NA,NA,NA,NA,NA,NA,NA,NA,NA,NA,NA,NA
Lauren Wanger,27,Teacher,"Marlboro, New Jersey",NA,4,13,NA,NA,NA,NA,NA,NA,NA,NA,NA,NA,NA,NA,NA,NA,NA,NA,NA,NA,NA,NA,NA,NA,NA,NA,NA
Leah Block,25,Event Planner,"Greenwood Village, Colorado",NA,6,20,NA,NA,NA,NA,NA,NA,NA,NA,NA,NA,NA,NA,NA,NA,NA,NA,NA,NA,NA,NA,NA,NA,NA,NA,NA
Lesley Geyer,23,Youth minister,"Tampa, Florida",NA,1,12,NA,NA,NA,NA,NA,NA,NA,NA,NA,NA,NA,NA,NA,NA,NA,NA,NA,NA,NA,NA,NA,NA,NA,NA,NA
Lesley Murphy,24,Political Consultant,"Fort Smith, Arkansas",NA,7,17,NA,NA,NA,NA,NA,NA,NA,NA,NA,NA,NA,NA,NA,NA,NA,NA,NA,NA,NA,NA,NA,NA,NA,NA,NA
Leslie Hughes,28,Poker Dealer,"Ruskin, Florida",NA,4,17,NA,NA,NA,NA,NA,NA,NA,NA,NA,NA,NA,NA,NA,NA,NA,NA,NA,NA,NA,NA,NA,NA,NA,NA,NA
Liangy,30,Paralegal,"Coral Gables, Florida",NA,1,2,NA,NA,NA,NA,NA,NA,NA,NA,NA,NA,NA,NA,NA,NA,NA,NA,NA,NA,NA,NA,NA,NA,NA,NA,NA
Linda Malek,33,Attorney,"Cuyahoga Falls, OH",NA,1,10,NA,NA,NA,NA,NA,NA,NA,NA,NA,NA,NA,NA,NA,NA,NA,NA,NA,NA,NA,NA,NA,NA,NA,NA,NA
Lindsay Hill,25,First grade teacher,"Plano, Texas",NA,4,15,NA,NA,NA,NA,NA,NA,NA,NA,NA,NA,NA,NA,NA,NA,NA,NA,NA,NA,NA,NA,NA,NA,NA,NA,NA
Lindsay Smith,22,Student,"Lawrence, KS",NA,1,10,NA,NA,NA,NA,NA,NA,NA,NA,NA,NA,NA,NA,NA,NA,NA,NA,NA,NA,NA,NA,NA,NA,NA,NA,NA
Lindsay Yenter,24,Substitute Teacher,"Fort Bragg, North Carolina",NA,10,17,NA,NA,NA,NA,NA,NA,NA,NA,NA,NA,NA,NA,NA,NA,NA,NA,NA,NA,NA,NA,NA,NA,NA,NA,NA
Lindsey Hawkins,25,Model,"Livonia, Michigan",NA,3,11,NA,NA,NA,NA,NA,NA,NA,NA,NA,NA,NA,NA,NA,NA,NA,NA,NA,NA,NA,NA,NA,NA,NA,NA,NA
Lindzi Cox,27,Business development manager,"Newcastle, Washington",NA,10,16,NA,NA,NA,NA,NA,NA,NA,NA,NA,NA,NA,NA,NA,NA,NA,NA,NA,NA,NA,NA,NA,NA,NA,NA,NA
Lisa,29,Attorney,"Dallas, Texas",NA,1,1,NA,NA,NA,NA,NA,NA,NA,NA,NA,NA,NA,NA,NA,NA,NA,NA,NA,NA,NA,NA,NA,NA,NA,NA,NA
Lisa Blank,25,Marketing manager,"Portland, Oregon",NA,6,9,NA,NA,NA,NA,NA,NA,NA,NA,NA,NA,NA,NA,NA,NA,NA,NA,NA,NA,NA,NA,NA,NA,NA,NA,NA
Lisa Gonzalez,28,Public Relations Associate,"Boise, Idaho",NA,2,13,NA,NA,NA,NA,NA,NA,NA,NA,NA,NA,NA,NA,NA,NA,NA,NA,NA,NA,NA,NA,NA,NA,NA,NA,NA
Lisa Morrisey,24,Marketing Coordinator,"Ottawa, Kansas",NA,5,15,NA,NA,NA,NA,NA,NA,NA,NA,NA,NA,NA,NA,NA,NA,NA,NA,NA,NA,NA,NA,NA,NA,NA,NA,NA
Lisa P.,27,Sales Consultant,"Dix Hills, New York",NA,1,15,NA,NA,NA,NA,NA,NA,NA,NA,NA,NA,NA,NA,NA,NA,NA,NA,NA,NA,NA,NA,NA,NA,NA,NA,NA
Liz,29,Doula,"Las Vegas, NV",64,2,21,NA,NA,NA,NA,NA,NA,NA,NA,NA,NA,NA,NA,NA,NA,NA,NA,NA,NA,NA,NA,NA,NA,NA,NA,NA
Lori,26,Former NBA Cheerleader,"Dallas, Texas",NA,1,2,NA,NA,NA,NA,NA,NA,NA,NA,NA,NA,NA,NA,NA,NA,NA,NA,NA,NA,NA,NA,NA,NA,NA,NA,NA
Lori Langley,33,Biology teacher,"Annapolis, Maryland",NA,1,11,NA,NA,NA,NA,NA,NA,NA,NA,NA,NA,NA,NA,NA,NA,NA,NA,NA,NA,NA,NA,NA,NA,NA,NA,NA
"Lucinda ""Lucy"" Aragon",25,Free Spirit,"Santa Barbara, California",NA,3,18,NA,NA,NA,NA,NA,NA,NA,NA,NA,NA,NA,NA,NA,NA,NA,NA,NA,NA,NA,NA,NA,NA,NA,NA,NA
Lyndsie James,29,Internet entrepreneur,"London, England",NA,1,16,NA,NA,NA,NA,NA,NA,NA,NA,NA,NA,NA,NA,NA,NA,NA,NA,NA,NA,NA,NA,NA,NA,NA,NA,NA
Mackenzie Deonigi,21,Dental Assistant,"Maple Valley, Washington",NA,5,19,curly-medium,Maple Valley,64,0,medium-dark,shoulder, That they'll smell bad,Dental Assistant,My family,my dog,friends,food/water,,," If I never had to get shots, I would be very happy.  If I never got to drive, I would be very sad.  If you could be someone else for just one day, who would you be? Mila Kunis, because she is perfect.  Top 3 all-time favorite movies? Pineapple Express, The Book of Eli, and Mean Girls. If you could be any animal, what would you be? A dog -- they never have to worry and get pampered all the time. (At least mine do.)  What does being married mean to you? Settling down together and starting a family. Be a team, loyal and honest.",TRUE,http://static.east.abc.go.com/service/image/ratio/id/fd5722bd-2859-4386-8ca6-c24d3e57e8df/dim/690.1x1.jpg, WA,caucasian,NA,TRUE,5,13,22811,24804
Madison Garton,25,Model,"Vail, Colorado",NA,3,15,NA,NA,NA,NA,NA,NA,NA,NA,NA,NA,NA,NA,NA,NA,NA,NA,NA,NA,NA,NA,NA,NA,NA,NA,NA
Maegan Miller,30,Cowgirl,"Visalia, California",NA,1,20,NA,NA,NA,NA,NA,NA,NA,NA,NA,NA,NA,NA,NA,NA,NA,NA,NA,NA,NA,NA,NA,NA,NA,NA,NA
Maggie Gantt,25,Personal Banker,"Wagener, South Carolina",NA,1,18,NA,NA,NA,NA,NA,NA,NA,NA,NA,NA,NA,NA,NA,NA,NA,NA,NA,NA,NA,NA,NA,NA,NA,NA,NA
Mallory Simons,24,Nanny,"Honolulu, Hawaii",NA,2,11,NA,NA,NA,NA,NA,NA,NA,NA,NA,NA,NA,NA,NA,NA,NA,NA,NA,NA,NA,NA,NA,NA,NA,NA,NA
Mandy Clemens,25,Professional soccer player,"San Diego, California",NA,2,5,NA,NA,NA,NA,NA,NA,NA,NA,NA,NA,NA,NA,NA,NA,NA,NA,NA,NA,NA,NA,NA,NA,NA,NA,NA
Mandy Jaye Jeffreys,26,Designer for an architect firm,"Midland, Texas",NA,6,5,NA,NA,NA,NA,NA,NA,NA,NA,NA,NA,NA,NA,NA,NA,NA,NA,NA,NA,NA,NA,NA,NA,NA,NA,NA
Marissa May,26,Sports Publicist,"Mesa, Arizona",NA,5,15,NA,NA,NA,NA,NA,NA,NA,NA,NA,NA,NA,NA,NA,NA,NA,NA,NA,NA,NA,NA,NA,NA,NA,NA,NA
Marshana Ritchie,27,Fashion designer,"Brooklyn, New York",NA,5,12,NA,NA,NA,NA,NA,NA,NA,NA,NA,NA,NA,NA,NA,NA,NA,NA,NA,NA,NA,NA,NA,NA,NA,NA,NA
McCarten Delaney,26,Account manager,"Lemon Grove, California",NA,4,11,NA,NA,NA,NA,NA,NA,NA,NA,NA,NA,NA,NA,NA,NA,NA,NA,NA,NA,NA,NA,NA,NA,NA,NA,NA
Megan Bell,24,Make-Up Artist,"Nashville, Tennessee",NA,6,19,straight,Nashville,64,2,light,chest, Not having anything in common,Make-Up Artist,The gym,my family,water,love,and my phone,," I love it when my date looks me in the eyes or tells me stories.  I hate it when my date texts while talking to me. If you really wanted to impress a man, what would you do? I think it's important to be yourself and not put up a front. Men are impressed with a down-to-earth girl who can make them feel comfortable. And then they can be themselves too.  If you could be any animal, what would you be? A lion, because they are leaders.  Top 3 all-time favorite movies? The Notebook, Step Brothers, and Gone with the Wind. What's your worst date memory? Last minute, a guy from my class asked me to be with him on New Year's in Memphis, TN. Well, my adventurous self went and got way too drunk. He watched me throw up in my purse! Haha, it was awful!",FALSE,http://static.east.abc.go.com/service/image/ratio/id/422f4774-aec0-485d-aa51-328d68f603fa/dim/690.1x1.jpg, TN,caucasian,NA,NA,NA,4,609644,658602
Megan Parris,25,Single Mother and Lacrosse Coach,"Sewickley, Pennsylvania",NA,4,13,NA,NA,NA,NA,NA,NA,NA,NA,NA,NA,NA,NA,NA,NA,NA,NA,NA,NA,NA,NA,NA,NA,NA,NA,NA
Meghan Merritt,30,Fashion Marketer,"Princeton, New Jersey",NA,4,15,NA,NA,NA,NA,NA,NA,NA,NA,NA,NA,NA,NA,NA,NA,NA,NA,NA,NA,NA,NA,NA,NA,NA,NA,NA
Melissa,25,Photographer,"Tempe, Arizona",NA,2,1,NA,NA,NA,NA,NA,NA,NA,NA,NA,NA,NA,NA,NA,NA,NA,NA,NA,NA,NA,NA,NA,NA,NA,NA,NA
Melissa Buschel,28,Event planner,"Westchester, New York",NA,1,11,NA,NA,NA,NA,NA,NA,NA,NA,NA,NA,NA,NA,NA,NA,NA,NA,NA,NA,NA,NA,NA,NA,NA,NA,NA
Melissa Rycroft,25,Sales Representative,"Dallas, Texas",NA,NA,13,NA,NA,NA,NA,NA,NA,NA,NA,NA,NA,NA,NA,NA,NA,NA,NA,NA,NA,NA,NA,NA,NA,NA,NA,NA
Melissa Schreiber,32,Waitress,"Westport, Connecticut",NA,2,15,NA,NA,NA,NA,NA,NA,NA,NA,NA,NA,NA,NA,NA,NA,NA,NA,NA,NA,NA,NA,NA,NA,NA,NA,NA
Meri Barr,27,Attorney,"Biloxi, MS",NA,1,9,NA,NA,NA,NA,NA,NA,NA,NA,NA,NA,NA,NA,NA,NA,NA,NA,NA,NA,NA,NA,NA,NA,NA,NA,NA
Merrilee,28,1st Grade Teacher,"Forked River, New Jersey",NA,1,2,NA,NA,NA,NA,NA,NA,NA,NA,NA,NA,NA,NA,NA,NA,NA,NA,NA,NA,NA,NA,NA,NA,NA,NA,NA
Michele Leavy,30,Realtor,"South Brunswick, New Jersey",NA,2,11,NA,NA,NA,NA,NA,NA,NA,NA,NA,NA,NA,NA,NA,NA,NA,NA,NA,NA,NA,NA,NA,NA,NA,NA,NA
Michele R.,33,Interior designer,"Laguna Niguel, California",NA,1,12,NA,NA,NA,NA,NA,NA,NA,NA,NA,NA,NA,NA,NA,NA,NA,NA,NA,NA,NA,NA,NA,NA,NA,NA,NA
Michelle,24,Food Truck Owner,"Los Angeles, CA",61,1,21,NA,NA,NA,NA,NA,NA,NA,NA,NA,NA,NA,NA,NA,NA,NA,NA,NA,NA,NA,NA,NA,NA,NA,NA,NA
Michelle Davis,25,Wedding Cake Baker,"Provo, Utah",NA,1,19,straight,Provo,63,0,dark,chest, A guy who doesn't talk or is rude,Wedding Cake Decorator,Family,church/religion,food,,,," If I never had to see another spider or snake, I would be very happy.  If I never got to laugh again, I would be very sad.  If you could be a fictional character, who would you be? Giselle from Enchanted because she's always happy, she makes cute clothes, animals clean her house for her, and she has a good singing voice.  Describe your idea of the ultimate date. A surprise trip to Waikoloa (Hawaii), a luau, a helicopter ride over volcanoes, and watch the sunset on the beach.  Top 3 all-time favorite movies? The Wedding Singer, Pirates of the Caribbean, and Yes Man.  If you really wanted to impress a man, what would you do? Laugh at his jokes to make him feel funny, and ask him questions about himself to make him feel special and show I'm interested. I also make cakes for guys on special occasions.  ",TRUE,http://static.east.abc.go.com/service/image/ratio/id/a9da8f1a-3706-41d1-a35a-b73dd75462d1/dim/690.1x1.jpg, UT,caucasian,1,NA,NA,17,112879,116288
Michelle Kujawa,26,Office Manager,"Anaheim, California",NA,3,14,NA,NA,NA,NA,NA,NA,NA,NA,NA,NA,NA,NA,NA,NA,NA,NA,NA,NA,NA,NA,NA,NA,NA,NA,NA
Michelle Money,30,Hair stylist,"Salt Lake City, Utah",NA,7,15,NA,NA,NA,NA,NA,NA,NA,NA,NA,NA,NA,NA,NA,NA,NA,NA,NA,NA,NA,NA,NA,NA,NA,NA,NA
Michelle P.,28,Administrative assistant,"Syracuse, New York",NA,2,12,NA,NA,NA,NA,NA,NA,NA,NA,NA,NA,NA,NA,NA,NA,NA,NA,NA,NA,NA,NA,NA,NA,NA,NA,NA
Molly Malaney,24,Department Store Buyer,"Brookfield, Wisconsin",NA,8,13,NA,NA,NA,NA,NA,NA,NA,NA,NA,NA,NA,NA,NA,NA,NA,NA,NA,NA,NA,NA,NA,NA,NA,NA,NA
Monica Spannbauer,33,Dental consultant,"Yuba, California",NA,4,16,NA,NA,NA,NA,NA,NA,NA,NA,NA,NA,NA,NA,NA,NA,NA,NA,NA,NA,NA,NA,NA,NA,NA,NA,NA
Morgan Becker,24,Graduate student,"Tempe, Arizona",NA,1,11,NA,NA,NA,NA,NA,NA,NA,NA,NA,NA,NA,NA,NA,NA,NA,NA,NA,NA,NA,NA,NA,NA,NA,NA,NA
Naomi Rose Crespo,24,Flight Attendant,"Carlsbad, California",NA,6,13,NA,NA,NA,NA,NA,NA,NA,NA,NA,NA,NA,NA,NA,NA,NA,NA,NA,NA,NA,NA,NA,NA,NA,NA,NA
Natalie Getz,27,Human Resources Recruiter,"Morton, Illinois",NA,3,13,NA,NA,NA,NA,NA,NA,NA,NA,NA,NA,NA,NA,NA,NA,NA,NA,NA,NA,NA,NA,NA,NA,NA,NA,NA
Natalie Velasco,25,Law student,"Duncanville, Texas",NA,1,11,NA,NA,NA,NA,NA,NA,NA,NA,NA,NA,NA,NA,NA,NA,NA,NA,NA,NA,NA,NA,NA,NA,NA,NA,NA
Nicki Sterling,26,Dental hygienist,"Hurst, Texas",NA,9,16,NA,NA,NA,NA,NA,NA,NA,NA,NA,NA,NA,NA,NA,NA,NA,NA,NA,NA,NA,NA,NA,NA,NA,NA,NA
"Nicole ""Nikki"" Kaapke",29,Administrative Assistant,"Blue Island, Illinois",NA,4,13,NA,NA,NA,NA,NA,NA,NA,NA,NA,NA,NA,NA,NA,NA,NA,NA,NA,NA,NA,NA,NA,NA,NA,NA,NA
Nicole Clary,26,Sales Manager,"Charleston, SC",NA,4,10,NA,NA,NA,NA,NA,NA,NA,NA,NA,NA,NA,NA,NA,NA,NA,NA,NA,NA,NA,NA,NA,NA,NA,NA,NA
Nicole Mah,25,Menswear Buyer,"Calgary, Alberta",NA,1,13,NA,NA,NA,NA,NA,NA,NA,NA,NA,NA,NA,NA,NA,NA,NA,NA,NA,NA,NA,NA,NA,NA,NA,NA,NA
Nicole Meacham,31,Real Estate Agent,"Scottsdale, Arizona",NA,1,19,NA,NA,NA,NA,NA,NA,NA,NA,NA,NA,NA,NA,NA,NA,NA,NA,NA,NA,NA,NA,NA,NA,NA,NA,NA
Nikki Delventhal,26,Former NFL Cheerleader,"Hasbrouck Heights, New Jersey",NA,4,19,straight-medium,New York City,68,0,dark,chest, Awkward silence,Former NFL Cheerleader,Carrots,coffee,exercise,friends,family,," I love it when my date is a gentleman with that old-school mentality/manners, is outgoing, fun, funny, witty, playful, engaging, charming.  I hate it when my date is late! What's your greatest achievement to date? I have a few. First was working at Sally Hershberger, next was making the NY Jets Flight Crew, then it was signing with Wilhelmina Models.  If you could have lunch with three people, living or dead, who would it be? Joan Rivers, Will Farrell, and Cleopatra.  Do you prefer a man who wants to be pursued or a man who pursues you? I like someone who knows what he wants. A challenge is fun, but there's a certain attractiveness to a man who's after me but knows when to pull back to allow room for my pursuit. Balance. :)  What does being married mean to you? Lifetime, life partner, other half. You complement each other, go about life two developed successful people who do it together. Best friends.",TRUE,http://static.east.abc.go.com/service/image/ratio/id/ecc82f43-a7f7-4cd1-8c9f-21413b8eebdd/dim/690.1x1.jpg?cb=73284032,UNK,caucasian,NA,NA,NA,10,8190000,8406000
Nikki Ferrell,26,Pediatric Nurse,"Kearney, Missouri",NA,NA,18,NA,NA,NA,NA,NA,NA,NA,NA,NA,NA,NA,NA,NA,NA,NA,NA,NA,NA,NA,NA,NA,NA,NA,NA,NA
Noelle Drake,26,Photographer,"Loveland, Colorado",NA,6,12,NA,NA,NA,NA,NA,NA,NA,NA,NA,NA,NA,NA,NA,NA,NA,NA,NA,NA,NA,NA,NA,NA,NA,NA,NA
Olivia,25,Apparel Sales Representative,"Anchorage, AK",67,1,21,NA,NA,NA,NA,NA,NA,NA,NA,NA,NA,NA,NA,NA,NA,NA,NA,NA,NA,NA,NA,NA,NA,NA,NA,NA
Olivia Caridi,23,Former News Anchor,"Bristol, Virginia",NA,6,20,NA,NA,NA,NA,NA,NA,NA,NA,NA,NA,NA,NA,NA,NA,NA,NA,NA,NA,NA,NA,NA,NA,NA,NA,NA
Paige Vigil,25,Jumbotron Operator,"Minnetonka, Minnesota",NA,1,17,NA,NA,NA,NA,NA,NA,NA,NA,NA,NA,NA,NA,NA,NA,NA,NA,NA,NA,NA,NA,NA,NA,NA,NA,NA
Paula,24,Insurance Representative,"Swansea, Massachusetts",NA,1,1,NA,NA,NA,NA,NA,NA,NA,NA,NA,NA,NA,NA,NA,NA,NA,NA,NA,NA,NA,NA,NA,NA,NA,NA,NA
Peyton Wright,24,Sorority recruiter,"La Vergne, Tennessee",NA,3,10,NA,NA,NA,NA,NA,NA,NA,NA,NA,NA,NA,NA,NA,NA,NA,NA,NA,NA,NA,NA,NA,NA,NA,NA,NA
Rachel,29,6th Grade Teacher,"Eastchester, New York",NA,1,1,NA,NA,NA,NA,NA,NA,NA,NA,NA,NA,NA,NA,NA,NA,NA,NA,NA,NA,NA,NA,NA,NA,NA,NA,NA
Rachel,31,Attorney,"Dallas, TX",64,NA,21,NA,NA,NA,NA,NA,NA,NA,NA,NA,NA,NA,NA,NA,NA,NA,NA,NA,NA,NA,NA,NA,NA,NA,NA,NA
Rachel Clementi,26,Fashion public relations manager,"Buffalo, New York",NA,1,5,NA,NA,NA,NA,NA,NA,NA,NA,NA,NA,NA,NA,NA,NA,NA,NA,NA,NA,NA,NA,NA,NA,NA,NA,NA
Rachel Tchen,23,Unemployed,"Little Rock, Arkansas",NA,4,20,NA,NA,NA,NA,NA,NA,NA,NA,NA,NA,NA,NA,NA,NA,NA,NA,NA,NA,NA,NA,NA,NA,NA,NA,NA
Rachel Truehart,27,Fashion sales representative,"Southampton, Massachusetts",NA,7,16,NA,NA,NA,NA,NA,NA,NA,NA,NA,NA,NA,NA,NA,NA,NA,NA,NA,NA,NA,NA,NA,NA,NA,NA,NA
Raichel Goodyear,29,Manscaper,"Fullerton, California",NA,2,15,NA,NA,NA,NA,NA,NA,NA,NA,NA,NA,NA,NA,NA,NA,NA,NA,NA,NA,NA,NA,NA,NA,NA,NA,NA
Raquel Medeiros,27,Medical Student,"Recife, Pernambuco, Brazil",NA,2,13,NA,NA,NA,NA,NA,NA,NA,NA,NA,NA,NA,NA,NA,NA,NA,NA,NA,NA,NA,NA,NA,NA,NA,NA,NA
Raven,25,Fashion Boutique Owner,"Hoxie, AR",66,NA,21,NA,NA,NA,NA,NA,NA,NA,NA,NA,NA,NA,NA,NA,NA,NA,NA,NA,NA,NA,NA,NA,NA,NA,NA,NA
Rebecca,30,Attorney,"Alamo, California",NA,1,12,NA,NA,NA,NA,NA,NA,NA,NA,NA,NA,NA,NA,NA,NA,NA,NA,NA,NA,NA,NA,NA,NA,NA,NA,NA
Rebecca,30,Esthetician,"Mission Viejo, California",NA,1,15,NA,NA,NA,NA,NA,NA,NA,NA,NA,NA,NA,NA,NA,NA,NA,NA,NA,NA,NA,NA,NA,NA,NA,NA,NA
Reegan Cornwell,28,Cadaver Tissue Saleswoman,"Manhattan Beach, California",NA,1,19,straight-medium,Manhattan Beach,66,0,mixed,chest, Guys who name drop and lie to impress,Donated Tissue Specialist,Eye makeup remover,salted caramel ice cream,cherry chapstick,butter popcorn,mascara,," I love it when my date opens the car door and tells you that you look nice -- right away.  I hate it when my date gets too touchy-feely too soon. If you could be any animal, what would you be? An eagle -- they mate for life, they fly and see the world above, they are strong and beautiful and represent the greatest country.  If you won the lottery, what would you do with your winnings? I would take my closest friends on a big multi-country vacation. Save half and donate the other half to schools for kids with learning disabilities like dyslexia.  Do you prefer a man who wants to be pursued or a man who pursues you? I'm a little old fashioned...I know times are changing but I still believe pursuing is part of being a man. Manly men approach women -- it shows confidence.  If you really wanted to impress a man, what would you do? I'd keep my mouth shut. :) Seriously, I think just being supportive and listening to what they have to say works best.",TRUE,http://static.east.abc.go.com/service/image/ratio/id/15ef30ce-75e7-4a7e-b6e8-d3799a30ce70/dim/690.1x1.jpg, CA,caucasian,1,NA,NA,7,3796000,3884000
Regina Doringa,31,Account representative,"San Diego, California",NA,1,11,NA,NA,NA,NA,NA,NA,NA,NA,NA,NA,NA,NA,NA,NA,NA,NA,NA,NA,NA,NA,NA,NA,NA,NA,NA
Renee Halpin,28,Nanny,"Palos Hills, Illinois",NA,1,15,NA,NA,NA,NA,NA,NA,NA,NA,NA,NA,NA,NA,NA,NA,NA,NA,NA,NA,NA,NA,NA,NA,NA,NA,NA
Renee Oteri,32,Real Estate Agent,"Martha's Vineyard, Massachusetts",NA,8,18,NA,NA,NA,NA,NA,NA,NA,NA,NA,NA,NA,NA,NA,NA,NA,NA,NA,NA,NA,NA,NA,NA,NA,NA,NA
Renee Simlak,36,Jewelry Designer,"Southfield, Michigan",NA,1,13,NA,NA,NA,NA,NA,NA,NA,NA,NA,NA,NA,NA,NA,NA,NA,NA,NA,NA,NA,NA,NA,NA,NA,NA,NA
Renee Snell,30,Broadcast marketer,"Baltimore, MD",NA,1,9,NA,NA,NA,NA,NA,NA,NA,NA,NA,NA,NA,NA,NA,NA,NA,NA,NA,NA,NA,NA,NA,NA,NA,NA,NA
Rhonda,28,Commercial Real Estate Agent,"Woodward, Oklahoma",NA,3,1,NA,NA,NA,NA,NA,NA,NA,NA,NA,NA,NA,NA,NA,NA,NA,NA,NA,NA,NA,NA,NA,NA,NA,NA,NA
Rita Ghazal,29,Policy advisor,"Richmond, VA",NA,1,9,NA,NA,NA,NA,NA,NA,NA,NA,NA,NA,NA,NA,NA,NA,NA,NA,NA,NA,NA,NA,NA,NA,NA,NA,NA
Robin Canfield,22,Advertising coordinator,"Holland, Michigan",NA,5,12,NA,NA,NA,NA,NA,NA,NA,NA,NA,NA,NA,NA,NA,NA,NA,NA,NA,NA,NA,NA,NA,NA,NA,NA,NA
Robyn Howard,24,Oil Field Account Manager,"Topeka, Kansas",NA,5,17,NA,NA,NA,NA,NA,NA,NA,NA,NA,NA,NA,NA,NA,NA,NA,NA,NA,NA,NA,NA,NA,NA,NA,NA,NA
Rosella Fratto,27,Make-up artist,"Chicago, Illinois",NA,1,9,NA,NA,NA,NA,NA,NA,NA,NA,NA,NA,NA,NA,NA,NA,NA,NA,NA,NA,NA,NA,NA,NA,NA,NA,NA
Rozlyn Papa,28,Model/Make-Up Artist,"Richmond, Virginia",NA,2,14,NA,NA,NA,NA,NA,NA,NA,NA,NA,NA,NA,NA,NA,NA,NA,NA,NA,NA,NA,NA,NA,NA,NA,NA,NA
Sadie Murray,23,Publicist,"Carlsbad, California",NA,7,9,NA,NA,NA,NA,NA,NA,NA,NA,NA,NA,NA,NA,NA,NA,NA,NA,NA,NA,NA,NA,NA,NA,NA,NA,NA
Samantha Levey,26,Advertising account manager,"Pittsburgh, Pennsylvania",NA,4,16,NA,NA,NA,NA,NA,NA,NA,NA,NA,NA,NA,NA,NA,NA,NA,NA,NA,NA,NA,NA,NA,NA,NA,NA,NA
Samantha Passmore,26,Attorney,"New Smyrna Beach, Florida",NA,2,20,NA,NA,NA,NA,NA,NA,NA,NA,NA,NA,NA,NA,NA,NA,NA,NA,NA,NA,NA,NA,NA,NA,NA,NA,NA
Samantha Steffen,27,Fashion Designer,"Indianapolis, Indiana",NA,5,19,straight,Los Angeles,65,0,dark,stomach, Dating someone who is selfish and arrogant,Fashion Designer,My family,Kallie (my 3.5 pound Teacup Maltese),friends,lip gloss,chocolate,," I love it when my date acts like a gentleman.  I hate it when my date does nothing but talk about himself. Do you consider yourself neat or messy? Neat to a fault -- drives me crazy if my house isn't neat.  Are you a little bit country or more of a city person? Both! I grew up more in the country, but have lived in New York City and Los Angeles for the past 4.5 years. Eventually the country might be better as it may be a better environment to raise a family.  Do you consider yourself a romantic? If so why, or why not? Yes because I enjoy romantic situations like candlelit dinners, sunsets, being cozy, holding hands, etc.  How important is your family's approval to you when it concerns dating a certain someone, and why? My family's approval means everything to me because they are the most important people in my life and they are smart about what's good for me and we value each other's opinions. I believe when you marry someone, you are also marrying their family.",TRUE,http://static.east.abc.go.com/service/image/ratio/id/0b8da7d6-253a-45db-b1e5-6ca1c459ccbe/dim/690.1x1.jpg, CA,caucasian,NA,NA,NA,20,3796000,3884000
Sarah,26,Grade School Teacher,"Newport Beach, CA",65,4,21,NA,NA,NA,NA,NA,NA,NA,NA,NA,NA,NA,NA,NA,NA,NA,NA,NA,NA,NA,NA,NA,NA,NA,NA,NA
Sarah Herron,26,Advertising Executive,"Evergreen, Colorado",NA,6,17,NA,NA,NA,NA,NA,NA,NA,NA,NA,NA,NA,NA,NA,NA,NA,NA,NA,NA,NA,NA,NA,NA,NA,NA,NA
Sarah Ledtke,25,Musical Theatre Performer,"Saginaw, Michigan",NA,1,15,NA,NA,NA,NA,NA,NA,NA,NA,NA,NA,NA,NA,NA,NA,NA,NA,NA,NA,NA,NA,NA,NA,NA,NA,NA
Sarah Newlon,23,Bar manager,"O'Fallon, Illinois",NA,3,11,NA,NA,NA,NA,NA,NA,NA,NA,NA,NA,NA,NA,NA,NA,NA,NA,NA,NA,NA,NA,NA,NA,NA,NA,NA
Sarah Powell,27,Real Estate Broker,"Denver, Colorado",NA,3,15,NA,NA,NA,NA,NA,NA,NA,NA,NA,NA,NA,NA,NA,NA,NA,NA,NA,NA,NA,NA,NA,NA,NA,NA,NA
Sarah Schnare,30,Journalist,"Nelson, British Columbia",NA,2,9,NA,NA,NA,NA,NA,NA,NA,NA,NA,NA,NA,NA,NA,NA,NA,NA,NA,NA,NA,NA,NA,NA,NA,NA,NA
Selma Alameri,29,Real Estate Dealer,"Borrego Springs, California",NA,6,17,NA,NA,NA,NA,NA,NA,NA,NA,NA,NA,NA,NA,NA,NA,NA,NA,NA,NA,NA,NA,NA,NA,NA,NA,NA
Shannon,26,Graphic Artist,"Long Island, New York",NA,3,2,NA,NA,NA,NA,NA,NA,NA,NA,NA,NA,NA,NA,NA,NA,NA,NA,NA,NA,NA,NA,NA,NA,NA,NA,NA
Shannon Bair,29,Dental Hygienist,"Marshall, Missouri",NA,4,13,NA,NA,NA,NA,NA,NA,NA,NA,NA,NA,NA,NA,NA,NA,NA,NA,NA,NA,NA,NA,NA,NA,NA,NA,NA
Shannon Oliver,24,Financial Management Consultant,"Dallas, Texas",NA,5,1,NA,NA,NA,NA,NA,NA,NA,NA,NA,NA,NA,NA,NA,NA,NA,NA,NA,NA,NA,NA,NA,NA,NA,NA,NA
Sharleen Joynt,29,Opera Singer,"Ottawa, Ontario",NA,7,18,NA,NA,NA,NA,NA,NA,NA,NA,NA,NA,NA,NA,NA,NA,NA,NA,NA,NA,NA,NA,NA,NA,NA,NA,NA
Sharon Staebell,32,Teacher,"Batavia, New York",NA,2,13,NA,NA,NA,NA,NA,NA,NA,NA,NA,NA,NA,NA,NA,NA,NA,NA,NA,NA,NA,NA,NA,NA,NA,NA,NA
Shawn Reynolds,28,Financial advisor,"Cincinnati, Ohio",NA,2,16,NA,NA,NA,NA,NA,NA,NA,NA,NA,NA,NA,NA,NA,NA,NA,NA,NA,NA,NA,NA,NA,NA,NA,NA,NA
Shawntel Newton,25,Funeral Director,"Chico, California",NA,8,15,NA,NA,NA,NA,NA,NA,NA,NA,NA,NA,NA,NA,NA,NA,NA,NA,NA,NA,NA,NA,NA,NA,NA,NA,NA
Shayne Lamas,22,Actress,"Malibu, California",NA,NA,12,NA,NA,NA,NA,NA,NA,NA,NA,NA,NA,NA,NA,NA,NA,NA,NA,NA,NA,NA,NA,NA,NA,NA,NA,NA
Sheena Stewart,23,Internet marketing executive,"Walnut Creek, California",NA,6,11,NA,NA,NA,NA,NA,NA,NA,NA,NA,NA,NA,NA,NA,NA,NA,NA,NA,NA,NA,NA,NA,NA,NA,NA,NA
Sheila Marie Lidner,25,Commercial Pilot,"Scottsdale, Arizona",NA,1,14,NA,NA,NA,NA,NA,NA,NA,NA,NA,NA,NA,NA,NA,NA,NA,NA,NA,NA,NA,NA,NA,NA,NA,NA,NA
Shelby,23,Account Executive,"Stockton, California",NA,1,13,NA,NA,NA,NA,NA,NA,NA,NA,NA,NA,NA,NA,NA,NA,NA,NA,NA,NA,NA,NA,NA,NA,NA,NA,NA
Shira Astrof,35,Actress,"Massapequa Park, New York",NA,1,16,NA,NA,NA,NA,NA,NA,NA,NA,NA,NA,NA,NA,NA,NA,NA,NA,NA,NA,NA,NA,NA,NA,NA,NA,NA
Shushanna Mkrtychyan,27,Mathematician,"Salt Lake City, Utah",NA,3,20,NA,NA,NA,NA,NA,NA,NA,NA,NA,NA,NA,NA,NA,NA,NA,NA,NA,NA,NA,NA,NA,NA,NA,NA,NA
Solisa Shoop,25,Esthetician,"Georgetown, Texas",NA,3,11,NA,NA,NA,NA,NA,NA,NA,NA,NA,NA,NA,NA,NA,NA,NA,NA,NA,NA,NA,NA,NA,NA,NA,NA,NA
Stacey Elza,26,Graduate student,"Chicago, Illinois",NA,1,12,NA,NA,NA,NA,NA,NA,NA,NA,NA,NA,NA,NA,NA,NA,NA,NA,NA,NA,NA,NA,NA,NA,NA,NA,NA
Stacey Quirpel,26,Bartender,"Quincy, Massachusetts",NA,4,15,NA,NA,NA,NA,NA,NA,NA,NA,NA,NA,NA,NA,NA,NA,NA,NA,NA,NA,NA,NA,NA,NA,NA,NA,NA
Stacia Mann,24,Single Mother & Charity Accountant,"Orem, Utah",NA,1,13,NA,NA,NA,NA,NA,NA,NA,NA,NA,NA,NA,NA,NA,NA,NA,NA,NA,NA,NA,NA,NA,NA,NA,NA,NA
Stephanie Hogan,34,Single Mother & Medical Marketing Rep.,"Huntsville, Alabama",NA,5,13,NA,NA,NA,NA,NA,NA,NA,NA,NA,NA,NA,NA,NA,NA,NA,NA,NA,NA,NA,NA,NA,NA,NA,NA,NA
Stephanie Mueller,24,Dance Teacher,"Morris, Illinois",NA,1,14,NA,NA,NA,NA,NA,NA,NA,NA,NA,NA,NA,NA,NA,NA,NA,NA,NA,NA,NA,NA,NA,NA,NA,NA,NA
Stephanie Tipper,27,Organ donor coordinator,"Folly Beach, SC",NA,4,10,NA,NA,NA,NA,NA,NA,NA,NA,NA,NA,NA,NA,NA,NA,NA,NA,NA,NA,NA,NA,NA,NA,NA,NA,NA
Stephanie Wilhite,23,Project Manager,"Overland Park, Kansas",NA,5,10,NA,NA,NA,NA,NA,NA,NA,NA,NA,NA,NA,NA,NA,NA,NA,NA,NA,NA,NA,NA,NA,NA,NA,NA,NA
Susan Anderson,23,Boutique manager,"The Woodlands, TX",NA,2,10,NA,NA,NA,NA,NA,NA,NA,NA,NA,NA,NA,NA,NA,NA,NA,NA,NA,NA,NA,NA,NA,NA,NA,NA,NA
Susan Stein,35,Project analyst,"St. Charles, Illinois",NA,1,11,NA,NA,NA,NA,NA,NA,NA,NA,NA,NA,NA,NA,NA,NA,NA,NA,NA,NA,NA,NA,NA,NA,NA,NA,NA
Susannah,26,Account Manager,"San Diego, CA",66,1,21,NA,NA,NA,NA,NA,NA,NA,NA,NA,NA,NA,NA,NA,NA,NA,NA,NA,NA,NA,NA,NA,NA,NA,NA,NA
Suzanne,33,Flight Attendant,"Redondo Beach, California",NA,2,2,NA,NA,NA,NA,NA,NA,NA,NA,NA,NA,NA,NA,NA,NA,NA,NA,NA,NA,NA,NA,NA,NA,NA,NA,NA
Suzi,28,Communications Specialist,"Richmond, Virginia",NA,1,2,NA,NA,NA,NA,NA,NA,NA,NA,NA,NA,NA,NA,NA,NA,NA,NA,NA,NA,NA,NA,NA,NA,NA,NA,NA
Suzie Williams,23,Prosthetic technician,"Ann Arbor, Michigan",NA,4,5,NA,NA,NA,NA,NA,NA,NA,NA,NA,NA,NA,NA,NA,NA,NA,NA,NA,NA,NA,NA,NA,NA,NA,NA,NA
Tamara,23,Cocktail waitress,"Beverly Hills, California",NA,1,12,NA,NA,NA,NA,NA,NA,NA,NA,NA,NA,NA,NA,NA,NA,NA,NA,NA,NA,NA,NA,NA,NA,NA,NA,NA
Tandra Steiner,30,Executive Assistant,"Sandy, Utah",NA,2,19,straight-medium,Sandy,71,0,mixed,chest, I've never really thought about that before. Maybe peeing my pants from laughing so hard or something.,Executive Assistant,Music,family,friends,animals,my contact lenses,," I love it when my date can hold a conversation, is genuine and has taken the time to plan something.  I hate it when my date talks only about himself and is arrogant. Describe the worst first date you've ever been on. No joke, a guy took me to a wedding reception as a first date once. It was so awkward.  What kinds of music do you listen to most often? All kinds. I love blues, rock, pop, oldies, country and jazz! I even listen to some French rock. The song just has to build. I love moments in music -- it needs to have a climax!  What does being married mean to you? It's sacred. You are promising your life and heart to another. It's choosing every day to love one person, commit to them and build a life together.  What is your ideal mate's personality like? He is honest and genuine. He makes me laugh and cares about others. He likes animals.",TRUE,http://static.east.abc.go.com/service/image/ratio/id/87f084e9-cee7-4ff1-bb5c-20afb047b91f/dim/690.1x1.jpg, UT,caucasian,2,NA,NA,16,87760,90231
Tara Durr,24,Realtor,"St. Augustine, Florida",NA,1,9,NA,NA,NA,NA,NA,NA,NA,NA,NA,NA,NA,NA,NA,NA,NA,NA,NA,NA,NA,NA,NA,NA,NA,NA,NA
Tara Eddings,26,Sport Fishing Enthusiast,"Fort Lauderdale, Florida",NA,2,19,medium,Ft. Lauderdale,70,0,medium,chest, A man who nervous talks or won't shut up. Or me having bad gas during the date and he catches on to me.,Sport Fishing Enthusiast,Chocolate,nail file,whiskey,Beave (my stuffed animal beaver I've had since birth,the ocean,," I love it when my date opens the truck door for me, is kind to everyone around (servers), shows others that he's with me and wants to show me off to the world, and makes me laugh until I can't breathe.  I hate it when my date talks too much (nervous talk) or has no personality, chews with his mouth open, is rude to people, or makes me pay for anything. What is the most outrageous thing you have ever done? I went to a different country using my identical twins' I.D. and passport. Obviously it worked just fine.  Do you consider yourself a romantic? If so why, or why not? Not too romantic. Because I have not been in a relationship for so long, or dated anyone, I have no one to be romantic towards.  Do you prefer a man who wants to be pursued or a man who pusues you and why? Both. Both of us females and males like the feeling of being pursued. So let's make it interesting and both sexes give it a try.  What does being married mean to you? It means legal documentation that you are forever committed and loyal to your best friend.  ",TRUE,http://static.east.abc.go.com/service/image/ratio/id/d5e75061-2f19-4455-9e09-776a166e14b2/dim/690.1x1.jpg, FL,caucasian,2,NA,NA,8,165893,172389
Tara Huckeby,23,General contractor,"Shawnee, Oklahoma",NA,7,5,NA,NA,NA,NA,NA,NA,NA,NA,NA,NA,NA,NA,NA,NA,NA,NA,NA,NA,NA,NA,NA,NA,NA,NA,NA
Taryn Renee Daniels,30,Health Club Manager,"Troutdale, Oregon",NA,3,17,NA,NA,NA,NA,NA,NA,NA,NA,NA,NA,NA,NA,NA,NA,NA,NA,NA,NA,NA,NA,NA,NA,NA,NA,NA
Tauni Nessler ,31,Emergency room nurse,"St. Louis Park, Minnesota",NA,1,11,NA,NA,NA,NA,NA,NA,NA,NA,NA,NA,NA,NA,NA,NA,NA,NA,NA,NA,NA,NA,NA,NA,NA,NA,NA
Taylor,23,Mental Health Counselor,"Seattle, WA",64,5,21,NA,NA,NA,NA,NA,NA,NA,NA,NA,NA,NA,NA,NA,NA,NA,NA,NA,NA,NA,NA,NA,NA,NA,NA,NA
Tenley Molzahn,25,College Admissions,"Newberg, Oregon",NA,8,14,NA,NA,NA,NA,NA,NA,NA,NA,NA,NA,NA,NA,NA,NA,NA,NA,NA,NA,NA,NA,NA,NA,NA,NA,NA
Tessa Horst,26,Social Worker,"San Francisco, California",NA,NA,10,NA,NA,NA,NA,NA,NA,NA,NA,NA,NA,NA,NA,NA,NA,NA,NA,NA,NA,NA,NA,NA,NA,NA,NA,NA
Tiana Kruzel,31,Medical Technician,"Calgary, Alberta",NA,1,14,NA,NA,NA,NA,NA,NA,NA,NA,NA,NA,NA,NA,NA,NA,NA,NA,NA,NA,NA,NA,NA,NA,NA,NA,NA
Tiara Soleim,27,Chicken Enthusiast,"Redmond, Washington",NA,1,20,NA,NA,NA,NA,NA,NA,NA,NA,NA,NA,NA,NA,NA,NA,NA,NA,NA,NA,NA,NA,NA,NA,NA,NA,NA
Tierra LiCausi,24,Leasing Consultant,"Las Vegas, Nevada",NA,7,17,NA,NA,NA,NA,NA,NA,NA,NA,NA,NA,NA,NA,NA,NA,NA,NA,NA,NA,NA,NA,NA,NA,NA,NA,NA
Tiffany,33,Real estate marketing rep.,"San Francisco, California",NA,1,12,NA,NA,NA,NA,NA,NA,NA,NA,NA,NA,NA,NA,NA,NA,NA,NA,NA,NA,NA,NA,NA,NA,NA,NA,NA
Tiffany Forester,27,Real estate sales/development,"St. Louis Park, MN",NA,1,10,NA,NA,NA,NA,NA,NA,NA,NA,NA,NA,NA,NA,NA,NA,NA,NA,NA,NA,NA,NA,NA,NA,NA,NA,NA
Tiffany Warren,28,Medical equipment sales rep,"Boston, MA",NA,2,10,NA,NA,NA,NA,NA,NA,NA,NA,NA,NA,NA,NA,NA,NA,NA,NA,NA,NA,NA,NA,NA,NA,NA,NA,NA
Tina,27,Graduate Student,"Plano, Texas",NA,2,1,NA,NA,NA,NA,NA,NA,NA,NA,NA,NA,NA,NA,NA,NA,NA,NA,NA,NA,NA,NA,NA,NA,NA,NA,NA
Tina Wu,26,Medical student,"Los Angeles, California",NA,5,10,NA,NA,NA,NA,NA,NA,NA,NA,NA,NA,NA,NA,NA,NA,NA,NA,NA,NA,NA,NA,NA,NA,NA,NA,NA
Tracy Darakis,29,Fourth Grade Teacher,"Wellington, Florida",NA,3,19,straight,Wellington,64,1,dark,shoulder, Having food in my teeth!,Fourth Grade Teacher,Chocolate,mascara,face wash,gum,phone,," I love it when my date makes eye contact, asks questions, adds to conversation and makes me laugh.  I hate it when my date talks about himself the whole time or just asks questions like an interview and gives nothing back. What is your ideal mate's personality like? Funny, confident, smart, motivated, thoughtful and caring.  Do you consider yourself a romantic? If so why, or why not? I'd like to be a romantic but I haven't found a guy who'd be into that! I think I am one at heart though.  What's your worst date memory? At lunch I just threw my hair up real quick because it was hot or something and he said ""keep your hair down."" It was weird.  What does being married mean to you? Having a sidekick and a teammate. Someone who's there for you and loves you no matter what.",TRUE,http://static.east.abc.go.com/service/image/ratio/id/d0d265c4-e0ec-4544-9e4f-0abed60094fd/dim/690.1x1.jpg?cb=21321, FL,caucasian,3,NA,NA,26,56864,60202
Treasure Morgan,28,Single Mother and Nurse Practitioner,"Salt Lake City, Utah",NA,1,13,NA,NA,NA,NA,NA,NA,NA,NA,NA,NA,NA,NA,NA,NA,NA,NA,NA,NA,NA,NA,NA,NA,NA,NA,NA
Trina Scherenberg,33,Special Education Teacher,"Algonquin, Illinois",NA,3,19,medium,San Clemente,65,1,mixed,chest," Eating something that gives me ""di-di""",Special Education Teacher,My dog,pizza,my girlfriends,my mom,random adventures,," I love it when my date makes an effort to get to know me and asks me questions.  I hate it when my date doesn't ask me questions. What's your greatest achievement to date? I'm most proud of going to graduate school -- twice! Both times, I earned a 4.0 GPA.  If you could be any fruit or vegetable, which one would you be? I would be a coconut. I love how they grow in such beautiful, exotic yet uninhabited places. No one would ever eat me! I would smell and taste delicious too! And I'd have lots of health benefits to offer.  What does being married mean to you? You are officially signifying that you are a team. You now have a lifetime partner through this journey called life -- the good parts, bad parts, and everything in between.  If you could be someone else for just one day, who would you be? I would love to be a guy for one day. No one in particular, just a guy. I'd love to know how they think!",TRUE,http://static.east.abc.go.com/service/image/ratio/id/2f0585ce-f51e-42a8-9d16-bd9cdb3b8784/dim/690.1x1.jpg, CA,caucasian,3,NA,NA,6,63635,65040
Trish Schneider,28,Model,"Atlanta, Georgia",NA,5,5,NA,NA,NA,NA,NA,NA,NA,NA,NA,NA,NA,NA,NA,NA,NA,NA,NA,NA,NA,NA,NA,NA,NA,NA,NA
Trista Rehn,29,Miami Heat Dancer,"Miami, Florida",NA,6,1,NA,NA,NA,NA,NA,NA,NA,NA,NA,NA,NA,NA,NA,NA,NA,NA,NA,NA,NA,NA,NA,NA,NA,NA,NA
Valerie Eredia,26,Personal Trainer,"Sutter, California",NA,1,18,NA,NA,NA,NA,NA,NA,NA,NA,NA,NA,NA,NA,NA,NA,NA,NA,NA,NA,NA,NA,NA,NA,NA,NA,NA
Valishia Savage,32,Homemaker,"San Bernardino, California",NA,3,14,NA,NA,NA,NA,NA,NA,NA,NA,NA,NA,NA,NA,NA,NA,NA,NA,NA,NA,NA,NA,NA,NA,NA,NA,NA
Vanessa,29,Special Education Teacher,"Montreal, Quebec, Canada",63.5,NA,21,NA,NA,NA,NA,NA,NA,NA,NA,NA,NA,NA,NA,NA,NA,NA,NA,NA,NA,NA,NA,NA,NA,NA,NA,NA
Victoria Lima,24,Legal Assistant,"Porto Alegre, Brazil",NA,2,18,NA,NA,NA,NA,NA,NA,NA,NA,NA,NA,NA,NA,NA,NA,NA,NA,NA,NA,NA,NA,NA,NA,NA,NA,NA
Vienna Girardi,23,Marketing Representative,"Geneva, Florida",NA,NA,14,NA,NA,NA,NA,NA,NA,NA,NA,NA,NA,NA,NA,NA,NA,NA,NA,NA,NA,NA,NA,NA,NA,NA,NA,NA
Wendi,26,Technology Specialist,"Dallas, Texas",NA,1,1,NA,NA,NA,NA,NA,NA,NA,NA,NA,NA,NA,NA,NA,NA,NA,NA,NA,NA,NA,NA,NA,NA,NA,NA,NA
Whitney,25,Pilates Instructor,"Chanhassen, MN",68,6,21,NA,NA,NA,NA,NA,NA,NA,NA,NA,NA,NA,NA,NA,NA,NA,NA,NA,NA,NA,NA,NA,NA,NA,NA,NA
Whitney Bischoff,29,Fertility Nurse,"Louisville, Kentucky",NA,NA,19,medium,Chicago,67,1,light,chest,,,,,,,,,,FALSE,,IL,caucasian,NA,TRUE,4,2,2698000,2719000
Nicole,NA,NA,NA,NA,NA,NA,straight-medium,Scottsdale,68,0,medium,shoulder, Having nothing to talk about,Real Estate Agent,My dogs,sunblock,dessert,passport,hiking shoes,," I love it when my date is chivalrous, compliments me and is truly interested in getting to know me, and asks questions.  I hate it when my date talks about himself non-stop, doesn't buy dinner (when he asked me out!), has bad manners, is rude to the staff, has bad breath. What is your greatest achievement to date? Being successful enough to have the means and ability to travel wherever I want. I'm also proud of myself for graduating summa cum laude.  If you could be a fictional character, who would you be? Jessica Rabbit because she is so unapologetically sexy with natural sex appeal. Would be fun to be someone so different!   If you could be any animal, what would you be? A wolf. They are magical and bad-ass creatures.  What does being married mean to you? A partnership, to have each other's back in everything, and to have a best friend you want to jump in the sack with.",TRUE,http://static.east.abc.go.com/service/image/ratio/id/d8681e06-8438-4d73-a21c-d65c91e3d7c8/dim/690.1x1.jpg, AZ,caucasian,1,NA,NA,23,217558,226918